i,ID,Option,Primary beam span (m),Secondary beam span (m),Beam Depth,Argent Study Weight ratio (kg/m2),Openings,Notes,Bay size ( Primary beam span x Secondary beam span),Bay area (m2),Steel beam mass (kg),Beam size,Pre-Camber,Limiting Criteria,Beam size2,Pre-Camber3,Maximum live deflection(mm),Limting Criteria,Beam size4,Pre-Camber5,Limiting Criteria6,Beam size7,Pre-Camber8,Maximum live deflection(mm)9,Limiting Criteria10,Floor Area [m2],Total Floor area in Building [m2],Total Steel Tonage [tons],Total Cost of Steel [ï¿½],Slab Depth [m],Number of Piles Required per m2 per floor,Steel Weight Ratio [kg/m2],Concrete Weight Ratio [kg/m2],Reinforcement Weight Ratio [kg/m2],Timber Weight Ratio [kg/m2],Superstructure Weight Ratio [kg/m2],Piles Weight Ratio [kg/m2],Pile Caps Weight Ratio [kg/m2],Foundations Weight Ratio [kg/m2],Steel Embodied Carbon [kgCO2e/m2],Concrete Embodied Carbon [kgCO2e/m2] ,Reinforcement Embodied Carbon [kgCO2e/m2] ,Timber Embodied Carbon [kgCO2e/m2] ,Foundations Embodied Carbon [kgCO2e/m2] ,Total Embodied Carbon [kgCO2e/m2],Fire Rating,Conversion factor mass of Argent Study to Timber solution
1,"6x9, Depth: 500",Steel Beams & Concrete Slab,6,9,500,33.1018518518519,335,,6x9,108,3575,PB 500x120/10x54,-,Openings,PB 500x120/8x44,-,3mm,Plate Size,PB 500x120/10x54,20mm,Openings,PB 500x120/8x44,-,5mm,Plate Size,432,1296,42900,100815,0.15,0.003204611445816,33.1018518518519,365.6625,5.8875,,404.7,124.869500019027,63.5955141422133,188.46501416124,51.3078703703704,37.6632375,11.716125,,35.9570732554454,136.644306125816,N/A,N/A
2,"6x9, Depth: 550",Steel Beams & Concrete Slab,6,9,550,32.25,370,,6x9,108,3483,PB 550x120/10x49,-,Openings,PB 550x120/8x47,-,2mm,Plate Size,PB 550x120/10x49,16mm,Openings,PB 550x120/8x47,-,4mm,Plate Size,432,1296,41796,98220.6,0.15,0.003201623780053,32.25,365.6625,5.8875,,403.8,124.753083930416,63.5362239151481,188.289307845564,49.9875,37.6632375,11.716125,,35.9235504029821,135.290412902982,N/A,N/A
3,"6x9, Depth: 600",Steel Beams & Concrete Slab,6,9,600,34.5609259259259,400,,6x9,108,3732.58,PB 600x100/8x58,-,Openings,PB 600x100/8x58,-,1.7mm,Openings,PB 600x110/8x50,-,Openings,PB 600x100/8x50,-,3.5mm,Plate Size,432,1296,44790.96,105258.756,0.15,0.003209258925891,34.5609259259259,365.6625,5.8875,,406.1,125.050591712422,63.6877433843147,188.738335096737,53.5694351851852,37.6632375,11.716125,,36.0092199148327,138.958017600018,N/A,N/A
4,"6x9, Depth: 625",Steel Beams & Concrete Slab,6,9,625,34.3333333333333,420,Accepted 1.07 as a pass for Web openings (many other elements designed to .99 so practically no difference). Assumed new relaxed degree of shear connection rules would pass failing edge primaries. ,6x9,108,3708,PB 600x120/10x63,-,Openings,PB 600x120/8x50,-,2mm,Plate Size,PB 600x120/8x50,-,Plate Size,PB 600x120/8x50,-,3.3mm,Plate Size,432,1296,44496,104565.6,0.15,0.003208595000166,34.3333333333333,365.6625,5.8875,,405.9,125.024721470508,63.6745677783002,188.699289248808,53.2166666666667,37.6632375,11.716125,,36.0017703920631,138.59779955873,N/A,N/A
5,"6x9, Depth: 650",Steel Beams & Concrete Slab,6,9,650,36.5757407407407,435,,6x9,108,3950.18,PB 650x100/8x62,-,Web Openings,PB 650x100/8x62,-,1.4mm,Web Openings,PB 650x100/8x52,-,Plate Size,PB 650x100/8x52,-,3.0mm,Plate Size,432,1296,47402.16,111395.076,0.15,0.003215898183142,36.5757407407407,365.6625,5.8875,,408.1,125.309294131558,63.8194994444596,189.128793576017,56.6923981481482,37.6632375,11.716125,,36.0837151425289,142.155475790677,N/A,N/A
6,"6x10.5, Depth: 500",Steel Beams & Concrete Slab,6,10.5,500,35.2936507936508,335,,6x10.5,126,4447,PB 500x140/10x56,-,Openings,PB 500x120/8x45,-,3mm,Plate Size,PB 500x140/15x61,28mm,Openings,PB 500x140/8x47,18mm,8mm,Openings,504,1512,53364,125405.4,0.15,0.003211582665929,35.2936507936508,365.6625,5.8875,,406.8,125.141137559119,63.7338580053654,188.874995564485,54.7051587301587,37.6632375,11.716125,,36.0352932445264,140.119814474685,N/A,N/A
7,"6x10.5, Depth: 550",Steel Beams & Concrete Slab,6,10.5,550,36.1666666666667,370,,6x10.5,126,4557,PB 550x140/10x60,-,Openings,PB 550x120/8x47,-,3mm,Plate Size,PB 550x140/12x62,24mm,Openings,PB 550x120/8x47,16mm,7mm,Plate Size,504,1512,54684,128507.4,0.15,0.003214570331692,36.1666666666667,365.6625,5.8875,,407.7,125.25755364773,63.7931482324306,189.050701880161,56.0583333333333,37.6632375,11.716125,,36.0688160969896,141.506511930323,N/A,N/A
8,"6x10.5, Depth: 600",Steel Beams & Concrete Slab,6,10.5,600,37.7099206349206,400,,6x10.5,126,4751.45,PB 600x100/8x68,-,Openings,PB 600x100/8x58,-,1.9mm,Openings,PB 600x130/10x62,22mm,Openings,PB 600x100/8x49,-,6.3mm,Plate Size,504,1512,57017.4,133990.89,0.15,0.003219881737493,37.7099206349206,365.6625,5.8875,,409.3,125.464515583039,63.8985530805465,189.363068663585,58.450376984127,37.6632375,11.716125,,36.1284122791465,143.958151763274,N/A,N/A
9,"6x10.5, Depth: 625",Steel Beams & Concrete Slab,6,10.5,625,38.1846031746032,420,Accepted 1.07 as a pass for Web openings (many other elements designed to .99 so practically no difference). Assumed new relaxed degree of shear connection rules would pass failing edge primaries. ,6x10.5,126,4811.26,PB 625x140/8x74,-,Web Post Bending,PB 625x90/8x58,-,1.9mm,Web Post Bending,PB 625x120/10x63,22mm,Web Post Bending,PB 625x110/8x50,-,5.7mm,Web Post Buckling,504,1512,57735.12,135677.532,0.15,0.003221209588943,38.1846031746032,365.6625,5.8875,,409.7,125.516256066866,63.9249042925754,189.441160359441,59.1861349206349,37.6632375,11.716125,,36.1433113246858,144.708808745321,N/A,N/A
10,"6x10.5, Depth: 650",Steel Beams & Concrete Slab,6,10.5,650,39.1946825396825,435,,6x10.5,126,4938.53,PB 650x100/8x62,-,Plate Size,PB 650x100/8x62,-,1.7mm,Plate Size,PB 650x130/8x64,20mm,Web Openings,PB 650x100/8x52,-,5.4mm,Plate Size,504,1512,59262.36,139266.546,0.15,0.003224529217569,39.1946825396825,365.6625,5.8875,,410.7,125.645607276434,63.9907823226479,189.636389599082,60.7517579365079,37.6632375,11.716125,,36.1805589385338,146.311679375042,N/A,N/A
11,"6x12, Depth: 500",Steel Beams & Concrete Slab,6,12,500,41.5416666666667,335,,6x12,144,5982,PB 500x200/10x65,-,Openings,PB 500x120/8x45,-,3mm,Openings,PB 500x180/15x75,40mm,Openings,PB 500x180/10x59,24mm,10mm,Openings,576,1728,71784,168692.4,0.15,0.00323249632627,41.5416666666667,365.6625,5.8875,,413.1,125.956050179397,64.1488895948217,190.104939774218,64.3895833333333,37.6632375,11.716125,,36.2699532117692,150.038899045103,N/A,N/A
12,"6x12, Depth: 550",Steel Beams & Concrete Slab,6,12,550,41.2361111111111,370,,6x12,144,5938,PB 550x200/10x69,-,Openings,PB 550x120/10x50,-,3mm,Openings,PB 550x180/12x76,34mm,Openings,PB 550x150/10x53,22mm,10mm,Openings,576,1728,71256,167451.6,0.15,0.003231500437682,41.2361111111111,365.6625,5.8875,,412.8,125.917244816526,64.1291261858,190.046371002326,63.9159722222222,37.6632375,11.716125,,36.2587789276148,149.554113649837,N/A,N/A
13,"6x12, Depth: 600",Steel Beams & Concrete Slab,6,12,600,42.7615972222222,400,,6x12,144,6157.67,PB 600x100/10x69,-,Openings,PB 600x100/8x58,-,2.2mm,Openings,PB 600x180/10x75,32mm,Openings,PB 600x120/8x60,20mm,9mm,Openings,576,1728,73892.04,173646.294,0.15,0.00323647988062,42.7615972222222,365.6625,5.8875,,414.3,126.111271630878,64.2279432309086,190.339214861787,66.2804756944445,37.6632375,11.716125,,36.3146503483869,151.974488542831,N/A,N/A
14,"6x12, Depth: 625",Steel Beams & Concrete Slab,6,12,625,44.0267361111111,420,Accepted 1.07 as a pass for Web openings (many other elements designed to .99 so practically no difference). Assumed new relaxed degree of shear connection rules would pass failing edge primaries. ,6x12,144,6339.85,PB 625x170/10x80,-,Web Post Bending,PB 625x150/10x67,-,1.7mm,Web Post Bending,PB 625x180/8x76,30mm,Web Post Bending,PB 625x130/8x62,18mm,8.1mm,Web Post Bending,576,1728,76078.2,178783.77,0.15,0.003240795397833,44.0267361111111,365.6625,5.8875,,415.6,126.279428203316,64.3135846700028,190.593012873319,68.2414409722222,37.6632375,11.716125,,36.3630722463894,153.983875718612,N/A,N/A
15,"6x12, Depth: 650",Steel Beams & Concrete Slab,6,12,650,41.5945138888889,435,,6x12,144,5989.61,PB 650x110/8x73,-,Web Post Bending,PB 650x90/8x62,18mm,2mm,Web Post Bending,PB 650x225/8x69,30mm,Web Post Bending,PB 650x100/8x62,18mm,8.1mm,Web Post Bending,576,1728,71875.32,168907.002,0.15,0.00323249632627,41.5945138888889,365.6625,5.8875,,413.1,125.956050179397,64.1488895948217,190.104939774218,64.4714965277778,37.6632375,11.716125,,36.2699532117692,150.120812239547,N/A,N/A
16,"6x13.5, Depth: 500",Steel Beams & Concrete Slab,6,13.5,500,49.8765432098765,335,,6x13.5,162,8080,PB 500x200/12x76,-,Openings,PB 500x150/8x47,-,3.5mm,Openings,PB 500x225/15x92,56mm,Openings,PB 500x200/15x78,30mm,12mm,Live Load Deflection,648,1944,96960,227856,0.15,0.003260049243861,49.8765432098765,365.6625,5.8875,,421.4,127.029665218809,64.6956772444228,191.725342463232,77.3086419753087,37.6632375,11.716125,,36.5791084067082,163.267112882017,N/A,N/A
17,"6x13.5, Depth: 550",Steel Beams & Concrete Slab,6,13.5,550,45.6728395061728,370,,6x13.5,162,7399,PB 550x200/12x80,-,Openings,PB 550x150/10x53,-,3mm,Plate Size,PB 550x225/15x85,48mm,Openings,PB 550x225/12x62,30mm,11.5mm,Openings,648,1944,88788,208651.8,0.15,0.003246106803634,45.6728395061728,365.6625,5.8875,,417.2,126.486390138625,64.4189895181187,190.905379656743,70.7929012345679,37.6632375,11.716125,,36.4226684285463,156.594932163114,N/A,N/A
18,"6x13.5, Depth: 600",Steel Beams & Concrete Slab,6,13.5,600,46.517962962963,400,,6x13.5,162,7535.91,PB 600x200/12x85,-,Openings,PB 600x150/10x64,-,2mm,Openings,PB 600x225/12x83,44mm,Openings,PB 600x225/12x83,22mm,9mm,Openings,648,1944,90430.92,212512.662,0.15,0.003249094469397,46.517962962963,365.6625,5.8875,,418.1,126.602806227236,64.4782797451838,191.081085972419,72.1028425925926,37.6632375,11.716125,,36.4561912810096,157.938396373602,N/A,N/A
19,"6x13.5, Depth: 625",Steel Beams & Concrete Slab,6,13.5,625,45.6896296296296,420,Accepted 1.07 as a pass for Web openings (many other elements designed to .99 so practically no difference). Assumed new relaxed degree of shear connection rules would pass failing edge primaries. ,6x13.5,162,7401.72,PB 625x120/10x72,-,Web Openings,PB 625x110/10x62,-,2.2mm,Web Post Bending,PB 625x200/12x83,42mm,Web Post Bending,PB 625x150/10x65,26mm,11.4mm,Nat. Frequency,648,1944,88820.64,208728.504,0.15,0.003246106803634,45.6896296296296,365.6625,5.8875,,417.2,126.486390138625,64.4189895181187,190.905379656743,70.8189259259259,37.6632375,11.716125,,36.4226684285463,156.620956854472,N/A,N/A
20,"6x13.5, Depth: 650",Steel Beams & Concrete Slab,6,13.5,650,45.825987654321,435,,6x13.5,162,7423.81,PB 650x120/8x72,-,Web Openings,PB 650x100/8x61,-,2.2mm,Web Post Bending,PB 650x190/12x84,40mm,Web Post Bending,PB 650x160/8x65,26mm,11.1mm,Web Post Bending,648,1944,89085.72,209351.442,0.15,0.003246770729359,45.825987654321,365.6625,5.8875,,417.4,126.512260380538,64.4321651241331,190.944425504671,71.0302808641975,37.6632375,11.716125,,36.4301179513159,156.839761315513,N/A,N/A
21,"6x15, Depth: 450",Steel Beams & Concrete Slab,6,15,450,,300,,6x15,,,,,,,,,,,,,,,,,0,0,0,0,0.15,0.003094731738313,,365.6625,5.8875,,371.6,120.587974982332,61.4149513468159,182.002926329148,0,37.6632375,11.716125,,34.7241772370742,84.1035397370742,N/A,N/A
22,"6x15, Depth: 550",Steel Beams & Concrete Slab,6,15,550,57.5706111111111,370,,6x15,180,10362.71,PB 550x190/10x73,0mm,Web Openings,PB 550x100/8x54,-,3.3mm,Web Openings,PB 550x250/15x103,62mm,Web Openings,PB 550x250/15x103,34mm,13mm,Live Load Deflection,720,2160,124352.52,292228.422,0.15,0.003285610384277,57.5706111111111,365.6625,5.8875,,429.1,128.025669532482,65.2029380759805,193.228607608462,89.2344472222222,37.6632375,11.716125,,36.8659150333384,175.479724755561,N/A,N/A
23,"6x15, Depth: 600",Steel Beams & Concrete Slab,6,15,600,55.2611111111111,400,,6x15,180,9947,PB 600x200/12x89,-,Openings,PB 600x150/10x69,-,2mm,Openings,PB 600x250/15x95,54mm,Openings,PB 600x250/15x95,26mm,11.7mm,Openings,720,2160,119364,280505.4,0.15,0.003277975238439,55.2611111111111,365.6625,5.8875,,426.8,127.728161750476,65.051418606814,192.77958035729,85.6547222222222,37.6632375,11.716125,,36.7802455214878,171.81433024371,N/A,N/A
24,"6x15, Depth: 650",Steel Beams & Concrete Slab,6,15,650,52.6776666666667,435,,6x15,180,9481.98,PB 650x120/12x78,-,Web Post Bending,PB 650x100/12x65,-,2.2mm,Web Post Bending,PB 650x225/15x96,48mm,Web Post Bending,PB 650x150/15x84,30mm,12.7mm,Live Load Deflection,720,2160,113783.76,267391.836,0.15,0.003269344204012,52.6776666666667,365.6625,5.8875,,424.2,127.391848605599,64.8801357286256,192.271984334225,81.6503833333333,37.6632375,11.716125,,36.6834017254828,167.713147558816,N/A,N/A
25,"9x9, Depth: 500",Steel Beams & Concrete Slab,9,9,500,38.0555555555556,335,,9x9,162,6165,PB 500x250/18x125,18mm,Openings,PB 500x200/12x75,-,8mm,Openings,PB 500x120/10x54,20mm,Openings,PB 500x120/8x44,-,5mm,Plate Size,648,1944,73980,173853,0.15,0.003220877626081,38.0555555555556,365.6625,5.8875,,409.6,125.503320945909,63.9183164895682,189.421637435477,58.9861111111111,37.6632375,11.716125,,36.139586563301,144.505060174412,N/A,N/A
26,"9x9, Depth: 550",Steel Beams & Concrete Slab,9,9,550,37.4259259259259,370,,9x9,162,6063,PB 550x250/18x132,16mm,Openings,PB 550x200/12x76,-,7mm,Openings,PB 550x120/10x49,16mm,Openings,PB 550x120/8x47,-,4mm,Plate Size,648,1944,72756,170976.6,0.15,0.003218885848905,37.4259259259259,365.6625,5.8875,,409,125.425710220169,63.8787896715247,189.304499891693,58.0101851851852,37.6632375,11.716125,,36.1172379949921,143.506785680177,N/A,N/A
27,"9x9, Depth: 600",Steel Beams & Concrete Slab,9,9,600,36.6666666666667,400,,9x9,162,5940,PB 600x250/15x102,-,Openings,PB 600x200/10x77,-,6mm,Openings,PB 600x120/8x50,-,Plate Size,PB 600x120/8x50,-,3.3mm,Plate Size,648,1944,71280,167508,0.15,0.003216230146005,36.6666666666667,365.6625,5.8875,,408.2,125.322229252514,63.8260872474668,189.148316499981,56.8333333333333,37.6632375,11.716125,,36.0874399039137,142.300135737247,N/A,N/A
28,"9x9, Depth: 625",Steel Beams & Concrete Slab,9,9,625,36.6666666666667,420,Accepted 1.07 as a pass for Web openings (many other elements designed to .99 so practically no difference). Assumed new relaxed degree of shear connection rules would pass failing edge primaries. ,9x9,162,5940,PB 600x250/15x102,-,Openings,PB 600x200/10x77,-,6mm,Openings,PB 600x120/8x50,-,Plate Size,PB 600x120/8x50,-,3.3mm,Plate Size,648,1944,71280,167508,0.15,0.003216230146005,36.6666666666667,365.6625,5.8875,,408.2,125.322229252514,63.8260872474668,189.148316499981,56.8333333333333,37.6632375,11.716125,,36.0874399039137,142.300135737247,N/A,N/A
29,"9x9, Depth: 650",Steel Beams & Concrete Slab,9,9,650,36.2722222222222,435,,9x9,162,5876.1,PB 650x190/15x97,-,Web Openings,PB 650x130/10x68,-,6.3mm,Web Openings,PB 650x100/8x52,-,Plate Size,PB 650x100/8x52,-,3.0mm,Plate Size,648,1944,70513.2,165706.02,0.15,0.003214902294555,36.2722222222222,365.6625,5.8875,,407.8,125.270488768687,63.7997360354378,189.070224804125,56.2219444444445,37.6632375,11.716125,,36.0725408583744,141.673847802819,N/A,N/A
30,"9x10.5, Depth: 500",Steel Beams & Concrete Slab,9,10.5,500,40.2010582010582,335,,9x10.5,189,7598,PB 500x250/20x140,20mm,Openings,PB 500x200/12x83,16mm,9mm,Openings,PB 500x140/15x61,28mm,Openings,PB 500x140/8x47,18mm,8mm,Openings,756,2268,91176,214263.6,0.15,0.003228180809057,40.2010582010582,365.6625,5.8875,,411.8,125.787893606958,64.0632481557275,189.851141762686,62.3116402116402,37.6632375,11.716125,,36.2215313137667,147.912534025407,N/A,N/A
31,"9x10.5, Depth: 550",Steel Beams & Concrete Slab,9,10.5,550,39.8042328042328,370,,9x10.5,189,7523,PB 550x250/18x131,18mm,Openings,PB 550x200/12x79,-,8mm,Openings,PB 550x140/12x62,24mm,Openings,PB 550x120/8x47,16mm,7mm,Plate Size,756,2268,90276,212148.6,0.15,0.003226852957606,39.8042328042328,365.6625,5.8875,,411.4,125.736153123131,64.0368969436986,189.77305006683,61.6965608465608,37.6632375,11.716125,,36.2066322682275,147.282555614788,N/A,N/A
32,"9x10.5, Depth: 600",Steel Beams & Concrete Slab,9,10.5,600,40.0582010582011,400,,9x10.5,189,7571,PB 600x250/15x120,-,Openings,PB 600x200/10x77,-,7mm,Openings,PB 600x140/10x64,20mm,Openings,PB 600x120/8x50,-,6mm,Plate Size,756,2268,90852,213502.2,0.15,0.003227516883331,40.0582010582011,365.6625,5.8875,,411.6,125.762023365045,64.0500725497131,189.812095914758,62.0902116402116,37.6632375,11.716125,,36.2140817909971,147.683655931209,N/A,N/A
33,"9x10.5, Depth: 625",Steel Beams & Concrete Slab,9,10.5,625,39.8996825396825,420,Accepted 1.07 as a pass for Web openings (many other elements designed to .99 so practically no difference). Assumed new relaxed degree of shear connection rules would pass failing edge primaries. ,9x10.5,189,7541.04,PB 625x250/15x119,-,Web Post Bending,PB 625x200/10x77,-,6.7mm,Openings,PB 625x140/8x64,20mm,Web Post Bending,PB 625x100/8x50,-,6mm,Web Post Buckling,756,2268,90492.48,212657.328,0.15,0.003226852957606,39.8996825396825,365.6625,5.8875,,411.4,125.736153123131,64.0368969436986,189.77305006683,61.8445079365079,37.6632375,11.716125,,36.2066322682275,147.430502704735,N/A,N/A
34,"9x10.5, Depth: 650",Steel Beams & Concrete Slab,9,10.5,650,40.0858201058201,435,,9x10.5,189,7576.22,PB 650x225/15x112,-,Total Deflection,PB 650x140/10x77,-,6.6mm,Web Post Bending,PB 650x130/8x64,20mm,Web Openings,PB 650x100/8x52,-,5.4mm,Plate Size,756,2268,90914.64,213649.404,0.15,0.003227516883331,40.0858201058201,365.6625,5.8875,,411.6,125.762023365045,64.0500725497131,189.812095914758,62.1330211640212,37.6632375,11.716125,,36.2140817909971,147.726465455018,N/A,N/A
35,"9x12, Depth: 500",Steel Beams & Concrete Slab,9,12,500,46.2824074074074,335,,9x12,216,9997,PB 500x300/20x166,18mm,Openings,PB 500x200/15x91,16mm,9mm,Openings,PB 500x180/15x75,40mm,Openings,PB 500x180/10x59,24mm,10mm,Openings,864,2592,119964,281915.4,0.15,0.003248098580809,46.2824074074074,365.6625,5.8875,,417.8,126.564000864365,64.4585163361621,191.022517200527,71.7377314814815,37.6632375,11.716125,,36.4450169968551,157.562110978337,N/A,N/A
36,"9x12, Depth: 550",Steel Beams & Concrete Slab,9,12,550,45.4259259259259,370,,9x12,216,9812,PB 550x300/20x166,16mm,Openings,PB 550x200/12x87,-,8mm,Openings,PB 550x180/12x76,34mm,Openings,PB 550x150/10x53,22mm,10mm,Openings,864,2592,117744,276698.4,0.15,0.003245442877909,45.4259259259259,365.6625,5.8875,,417,126.460519896711,64.4058139121042,190.866333808815,70.4101851851852,37.6632375,11.716125,,36.4152189057767,156.204766590962,N/A,N/A
37,"9x12, Depth: 600",Steel Beams & Concrete Slab,9,12,600,43.9024537037037,400,,9x12,216,9482.93,PB 600x300/18x151,-,Openings,PB 600x200/12x92,-,7mm,Openings,PB 600x180/10x76,30mm,Openings,PB 600x180/10x67,16mm,7mm,Openings,864,2592,113795.16,267418.626,0.15,0.003240463434971,43.9024537037037,365.6625,5.8875,,415.5,126.266493082359,64.3069968669955,190.573489949355,68.0488032407408,37.6632375,11.716125,,36.3593474850046,153.787513225745,N/A,N/A
38,"9x12, Depth: 625",Steel Beams & Concrete Slab,9,12,625,43.7300462962963,420,Accepted 1.07 as a pass for Web openings (many other elements designed to .99 so practically no difference). Assumed new relaxed degree of shear connection rules would pass failing edge primaries. ,9x12,216,9445.69,PB 625x250/18x136,-,Web Openings,PB 625x200/10x84,-,7.2mm,Web Openings,PB 625x180/10x69,30mm,Web Post Buckling,PB 625x130/8x62,18mm,8.1mm,Openings,864,2592,113348.28,266368.458,0.15,0.003239799509246,43.7300462962963,365.6625,5.8875,,415.3,126.240622840446,64.2938212609811,190.534444101427,67.7815717592593,37.6632375,11.716125,,36.351897962235,153.512832221494,N/A,N/A
39,"9x12, Depth: 650",Steel Beams & Concrete Slab,9,12,650,41.7428240740741,435,,9x12,216,9016.45,PB 650x250/18x123,-,Total Deflection,PB 650x170/10x79,-,7.1mm,Web Post Bending,PB 625x180/10x69,30mm,Web Post Bending,PB 625x130/8x62,18mm,8.1mm,Plate Size,864,2592,108197.4,254263.89,0.15,0.003233160251995,41.7428240740741,365.6625,5.8875,,413.3,125.98192042131,64.1620652008362,190.143985622146,64.7013773148148,37.6632375,11.716125,,36.2774027345388,150.358142549354,N/A,N/A
40,"9x13.5, Depth: 500",Steel Beams & Concrete Slab,9,13.5,500,54.4691358024691,335,,9x13.5,243,13236,PB 500x300/25x206,18mm,Openings,PB 500x200/18x102,16mm,9mm,Openings,PB 500x225/15x92,56mm,Openings,PB 500x200/15x78,30mm,12mm,Live Load Deflection,972,2916,158832,373255.2,0.15,0.003275319535538,54.4691358024691,365.6625,5.8875,,426,127.624680782821,64.998716182756,192.623396965577,84.4271604938272,37.6632375,11.716125,,36.7504474304093,170.556970424236,N/A,N/A
41,"9x13.5, Depth: 550",Steel Beams & Concrete Slab,9,13.5,550,49.5061728395062,370,,9x13.5,243,12030,PB 550x300/20x174,18mm,Openings,PB 550x200/15x104,-,8mm,Openings,PB 550x225/15x85,48mm,Openings,PB 550x225/12x62,30mm,11.5mm,Openings,972,2916,144360,339246,0.15,0.003259053355273,49.5061728395062,365.6625,5.8875,,421.1,126.990859855939,64.6759138354011,191.66677369134,76.7345679012346,37.6632375,11.716125,,36.5679341225538,162.681864523788,N/A,N/A
42,"9x13.5, Depth: 600",Steel Beams & Concrete Slab,9,13.5,600,47.6541563786008,400,,9x13.5,243,11579.96,PB 600x300/18x164,-,Openings,PB 600x200/12x92,-,8mm,Openings,PB 600x225/12x83,44mm,Openings,PB 600x225/12x83,22mm,9mm,Openings,972,2916,138959.52,326554.872,0.15,0.003252746060885,47.6541563786008,365.6625,5.8875,,419.2,126.74509255776,64.5507455782635,191.295838136024,73.8639423868313,37.6632375,11.716125,,36.4971636562424,159.740468543074,N/A,N/A
43,"9x13.5, Depth: 625",Steel Beams & Concrete Slab,9,13.5,625,46.7371604938272,420,Accepted 1.07 as a pass for Web openings (many other elements designed to .99 so practically no difference). Assumed new relaxed degree of shear connection rules would pass failing edge primaries. ,9x13.5,243,11357.13,PB 625x275/18x149,-,Web Openings,PB 625x190/12x92,-,7.7mm,Web Openings,PB 625x225/10x82,42mm,Web Post Bending,PB 625x170/8x65,26mm,11.8mm,Live Load Deflection,972,2916,136285.56,320271.066,0.15,0.003249758395122,46.7371604938272,365.6625,5.8875,,418.3,126.628676469149,64.4914553511983,191.120131820348,72.4425987654321,37.6632375,11.716125,,36.4636408037792,158.285602069211,N/A,N/A
44,"9x13.5, Depth: 650",Steel Beams & Concrete Slab,9,13.5,650,46.988353909465,435,,9x13.5,243,11418.17,PB 650x250/18x146,-,Web Openings,PB 650x190/12x88,-,7.1mm,Web Openings,PB 650x190/12x84,40mm,Web Post Bending,PB 650x160/8x65,26mm,11.1mm,Web Post Bending,972,2916,137018.04,321992.394,0.15,0.003250422320847,46.988353909465,365.6625,5.8875,,418.5,126.654546711063,64.5046309572128,191.159177668276,72.8319485596708,37.6632375,11.716125,,36.4710903265488,158.68240138622,N/A,N/A
45,"9x15, Depth: 450",Steel Beams & Concrete Slab,9,15,450,78.4296296296296,300,,9x15,270,21176,PB 450x350/30x244,20mm,Openings,PB 450x250/20x127,-,11mm,Openings,PB 450x250/25x131,72mm,Openings,PB 450x250/40x163,40mm,12mm,Live Load Deflection,1080,3240,254112,597163.2,0.15,0.003354990622549,78.4296296296296,365.6625,5.8875,,450,130.729109812449,66.5797889044943,197.308898716943,121.565925925926,37.6632375,11.716125,,37.644390162763,208.589678588689,N/A,N/A
46,"9x15, Depth: 500",Steel Beams & Concrete Slab,9,15,500,66.22,335,,6x15,180,11919.6,PB 500x170/12x83,0mm,Openings,PB 500x110/8x51,-,3.8mm,Openings,PB 500x250/18x116,66mm,Openings,PB 500x250/25x129,32mm,12mm,Live Load Deflection,720,2160,143035.2,336132.72,0.15,0.003314491153319,66.22,365.6625,5.8875,,437.8,129.151025055722,65.7760769376107,194.927101993332,102.641,37.6632375,11.716125,,37.1899692738166,189.210331773817,N/A,N/A
47,"9x15, Depth: 500",Steel Beams & Concrete Slab,9,15,500,70.2888888888889,335,,9x15,270,18978,PB 500x350/30x256,16mm,Openings,PB 500x250/20x133,-,9mm,Openings,PB 500x250/18x116,66mm,Openings,PB 500x250/25x129,32mm,12mm,Live Load Deflection,1080,3240,227736,535179.6,0.15,0.003327769667821,70.2888888888889,365.6625,5.8875,,441.8,129.668429893993,66.0395890579004,195.708018951893,108.947777777778,37.6632375,11.716125,,37.3389597292089,195.666100006987,N/A,N/A
48,"9x15, Depth: 550",Steel Beams & Concrete Slab,9,15,550,59.4259259259259,370,,9x15,270,16045,PB 550x300/25x205,18mm,Openings,PB 550x225/15x102,-,9mm,Openings,PB 550x250/15x103,62mm,Openings,PB 550x250/15x103,34mm,13mm,Live Load Deflection,1080,3240,192540,452469,0.15,0.003291917678666,59.4259259259259,365.6625,5.8875,,431,128.271436830661,65.3281063331182,193.599543163779,92.1101851851852,37.6632375,11.716125,,36.9366854996497,178.426233184835,N/A,N/A
49,"9x15, Depth: 600",Steel Beams & Concrete Slab,9,15,600,56.0925925925926,400,,9x15,270,15145,PB 600x350/20x198,-,Openings,PB 600x225/15x107,-,8mm,Openings,PB 600x250/15x95,54mm,Openings,PB 600x250/15x95,26mm,11.7mm,Openings,1080,3240,181740,427089,0.15,0.003280630941339,56.0925925925926,365.6625,5.8875,,427.6,127.83164271813,65.1041210308719,192.935763749002,86.9435185185185,37.6632375,11.716125,,36.8100436125662,173.132924631085,N/A,N/A
50,"9x15, Depth: 625",Steel Beams & Concrete Slab,9,15,625,53.281,420,Accepted 1.07 as a pass for Web openings (many other elements designed to .99 so practically no difference). Assumed new relaxed degree of shear connection rules would pass failing edge primaries. ,9x15,270,14385.87,PB 625x250/20x182,-,Total Deflection,PB 625x190/15x90,-,7.9mm,Web Openings,PB 625x225/15x93,52mm,Web Post Bending,PB 625x170/15x84,30mm,12.9mm,Live Load Deflection,1080,3240,172630.44,405681.534,0.15,0.003271335981188,53.281,365.6625,5.8875,,424.8,127.46945933134,64.9196625466691,192.389121878009,82.58555,37.6632375,11.716125,,36.7057502937916,168.670662793792,N/A,N/A
51,"9x15, Depth: 650",Steel Beams & Concrete Slab,9,15,650,52.8153333333333,435,,9x15,270,14260.14,PB 650x250/20x178,-,Total Deflection,PB 650x170/15x88,-,7.7mm,Web Openings,PB 650x225/15x96,48mm,Web Post Bending,PB 650x150/15x84,30mm,12.7mm,Live Load Deflection,1080,3240,171121.68,402135.948,0.15,0.003270008129737,52.8153333333333,365.6625,5.8875,,424.4,127.417718847513,64.8933113346401,192.311030182153,81.8637666666667,37.6632375,11.716125,,36.6908512482524,167.933980414919,N/A,N/A
52,"10.5x10.5, Depth: 500",Steel Beams & Concrete Slab,10.5,10.5,500,45.4557823129252,335,,10.5x10.5,220.5,10023,PB 500x250/30x195,28mm,Openings,PB 500x200/18x118,22mm,12mm,Live Load Deflection,PB 500x140/15x61,28mm,Openings,PB 500x140/8x47,18mm,8mm,Openings,882,2646,120276,282648.6,0.15,0.003245442877909,45.4557823129252,365.6625,5.8875,,417,126.460519896711,64.4058139121042,190.866333808815,70.456462585034,37.6632375,11.716125,,36.4152189057767,156.251043990811,N/A,N/A
53,"10.5x10.5, Depth: 550",Steel Beams & Concrete Slab,10.5,10.5,550,44.4263038548753,370,,10.5x10.5,220.5,9796,PB 550x250/30x177,26mm,Openings,PB 550x200/18x113,18mm,10.5mm,Openings,PB 550x140/12x62,24mm,Openings,PB 550x120/8x47,16mm,7mm,Plate Size,882,2646,117552,276247.2,0.15,0.003242123249284,44.4263038548753,365.6625,5.8875,,416,126.331168687143,64.3399358820317,190.671104569175,68.8607709750567,37.6632375,11.716125,,36.3779712919286,154.618104766985,N/A,N/A
54,"10.5x10.5, Depth: 600",Steel Beams & Concrete Slab,10.5,10.5,600,45.2925170068027,400,,10.5x10.5,220.5,9987,PB 600x250/25x155,26mm,Openings,PB 600x200/15x107,18mm,10mm,Openings,PB 600x140/10x64,20mm,Openings,PB 600x120/8x50,-,6mm,Plate Size,882,2646,119844,281633.4,0.15,0.003244778952184,45.2925170068027,365.6625,5.8875,,416.8,126.434649654798,64.3926383060897,190.827287960887,70.2034013605442,37.6632375,11.716125,,36.4077693830071,155.990533243551,N/A,N/A
55,"10.5x10.5, Depth: 625",Steel Beams & Concrete Slab,10.5,10.5,625,45.2925170068027,420,Accepted 1.07 as a pass for Web openings (many other elements designed to .99 so practically no difference). Assumed new relaxed degree of shear connection rules would pass failing edge primaries. ,10.5x10.5,220.5,9987,PB 600x250/25x155,26mm,Openings,PB 600x200/15x107,18mm,10mm,Openings,PB 600x140/10x64,20mm,Openings,PB 600x120/8x50,-,6mm,Plate Size,882,2646,119844,281633.4,0.15,0.003244778952184,45.2925170068027,365.6625,5.8875,,416.8,126.434649654798,64.3926383060897,190.827287960887,70.2034013605442,37.6632375,11.716125,,36.4077693830071,155.990533243551,N/A,N/A
56,"12x9, Depth: 650",Steel Beams & Concrete Slab,12,9,650,45.4907407407407,435,,12x9,216,9826,PB 650x250/20x214,-,Web Openings,PB 650x180/15x106,-,12.1mm,Web Openings,PB 650x100/8x52,-,Plate Size,PB 650x100/8x52,-,3.0mm,Plate Size,864,2592,117912,277093.2,0.15,0.003245442877909,45.4907407407407,365.6625,5.8875,,417,126.460519896711,64.4058139121042,190.866333808815,70.5106481481482,37.6632375,11.716125,,36.4152189057767,156.305229553925,N/A,N/A
57,"12x10.5, Depth: 650",Steel Beams & Concrete Slab,12,10.5,650,46.1565079365079,435,,12x10.5,252,11631.44,PB 650x300/25x184,32mm,Web Openings,PB 650x250/15x119,24mm,12.4mm,Web Openings,PB 650x130/8x64,20mm,Web Openings,PB 650x100/8x52,-,5.4mm,Plate Size,1008,3024,139577.28,328006.608,0.15,0.003247766617947,46.1565079365079,365.6625,5.8875,,417.7,126.551065743409,64.4519285331549,191.002994276563,71.5425873015873,37.6632375,11.716125,,36.4412922354703,157.363242037058,N/A,N/A
58,"12x12, Depth: 500",Steel Beams & Concrete Slab,12,12,500,63.3993055555556,335,,12x12,288,18259,PB 500x350/35x286,38mm,Openings,PB 500x350/30x257,20mm,12mm,Live Load Deflection,PB 500x180/15x75,40mm,Openings,PB 500x180/10x59,24mm,10mm,Openings,1152,3456,219108,514903.8,0.15,0.003304864230305,63.3993055555556,365.6625,5.8875,,434.9,128.775906547975,65.5850306504006,194.360937198376,98.2689236111111,37.6632375,11.716125,,37.0819511936572,184.730237304768,N/A,N/A
59,"12x12, Depth: 550",Steel Beams & Concrete Slab,12,12,550,57.3541666666667,370,,12x12,288,16518,PB 550x300/35x267,34mm,Openings,PB 550x300/30x197,20mm,12mm,Live Load Deflection,PB 550x180/12x76,34mm,Openings,PB 550x150/10x53,22mm,10mm,Openings,1152,3456,198216,465807.6,0.15,0.003284946458552,57.3541666666667,365.6625,5.8875,,428.9,127.999799290568,65.1897624699661,193.189561760534,88.8989583333333,37.6632375,11.716125,,36.8584655105687,175.136786343902,N/A,N/A
60,"12x12, Depth: 600",Steel Beams & Concrete Slab,12,12,600,53.7777777777778,400,,12x12,288,15488,PB 600x300/30x239,34mm,Openings,PB 600x300/20x152,22mm,12mm,Live Load Deflection,PB 600x180/10x76,30mm,Openings,PB 600x180/10x67,16mm,7mm,Openings,1152,3456,185856,436761.6,0.15,0.0032729957955,53.7777777777778,365.6625,5.8875,,425.3,127.534134936124,64.9526015617053,192.486736497829,83.3555555555556,37.6632375,11.716125,,36.7243741007157,169.459292156271,N/A,N/A
61,"12x12, Depth: 625",Steel Beams & Concrete Slab,12,12,625,52.0772222222222,420,Accepted 1.07 as a pass for Web openings (many other elements designed to .99 so practically no difference). Assumed new relaxed degree of shear connection rules would pass failing edge primaries. ,12x12,288,14998.24,PB 625x300/30x223,32mm,Openings,PB 625x300/18x139,24mm,12.7mm,Openings,PB 625x160/10x77,30mm,Web Post Bending,PB 625x140/10x66,0mm,7.6mm,Web Post Bending,1152,3456,179978.88,422950.368,0.15,0.003267352426837,52.0772222222222,365.6625,5.8875,,423.6,127.314237879859,64.8406089105822,192.154846790441,80.7196944444445,37.6632375,11.716125,,36.661053157174,166.760110101618,N/A,N/A
62,"12x12, Depth: 650",Steel Beams & Concrete Slab,12,12,650,48.3102083333333,435,,12x12,288,13913.34,PB 650x275/30x218,32mm,Web Openings,PB 650x275/18x132,24mm,12.6mm,Web Openings,PB 625x180/10x69,30mm,Web Post Bending,PB 625x130/8x62,18mm,8.1mm,Plate Size,1152,3456,166960.08,392356.188,0.15,0.003255069800923,48.3102083333333,365.6625,5.8875,,419.9,126.835638404458,64.5968601993142,191.432498603772,74.8808229166667,37.6632375,11.716125,,36.5232369859361,160.783422402603,N/A,N/A
63,"12x13.5, Depth: 500",Steel Beams & Concrete Slab,12,13.5,500,73.2808641975309,335,,12x13.5,324,23743,PB 500x350/40x356,36mm,Openings,PB 500x350/40x310,18mm,12mm,Live Load Deflection,PB 500x225/15x92,56mm,Openings,PB 500x200/15x78,30mm,12mm,Live Load Deflection,1296,3888,284916,669552.6,0.15,0.003337728553697,73.2808641975309,365.6625,5.8875,,444.8,130.056483522696,66.2372231481177,196.293706670814,113.585339506173,37.6632375,11.716125,,37.4507025707531,200.415404576926,N/A,N/A
64,"12x13.5, Depth: 550",Steel Beams & Concrete Slab,12,13.5,550,64.3641975308642,370,,12x13.5,324,20854,PB 550x350/35x312,34mm,Openings,PB 550x300/35x259,18mm,12mm,Live Load Deflection,PB 550x225/15x85,48mm,Openings,PB 550x225/12x62,30mm,11.5mm,Openings,1296,3888,250248,588082.8,0.15,0.00330818385893,64.3641975308642,365.6625,5.8875,,435.9,128.905257757543,65.650908680473,194.556166438016,99.7645061728395,37.6632375,11.716125,,37.1191988075052,186.263067480345,N/A,N/A
65,"12x13.5, Depth: 600",Steel Beams & Concrete Slab,12,13.5,600,60.6697530864198,400,,12x13.5,324,19657,PB 600x350/30x292,30mm,Openings,PB 600x300/25x204,20mm,12mm,Live Load Deflection,PB 600x225/12x83,44mm,Openings,PB 600x225/12x83,22mm,9mm,Openings,1296,3888,235884,554327.4,0.15,0.003295901233016,60.6697530864198,365.6625,5.8875,,432.2,128.426658282142,65.4071599692051,193.833818251347,94.0381172839506,37.6632375,11.716125,,36.9813826362674,180.398862420218,N/A,N/A
66,"12x13.5, Depth: 625",Steel Beams & Concrete Slab,12,13.5,625,54.8664197530864,420,Accepted 1.07 as a pass for Web openings (many other elements designed to .99 so practically no difference). Assumed new relaxed degree of shear connection rules would pass failing edge primaries. ,12x13.5,324,17776.72,PB 625x325/30x251,34mm,Web Openings,PB 625x300/20x171,22mm,12.6mm,Live Load Deflection,PB 625x200/12x83,42mm,Web Post Bending,PB 625x170/8x65,26mm,11.8mm,Live Load Deflection,1296,3888,213320.64,501303.504,0.15,0.003276647386988,54.8664197530864,365.6625,5.8875,,426.4,127.676421266649,65.025067394785,192.701488661434,85.042950617284,37.6632375,11.716125,,36.7653464759486,171.187659593233,N/A,N/A
67,"12x13.5, Depth: 650",Steel Beams & Concrete Slab,12,13.5,650,54.9427469135803,435,,12x13.5,324,17801.45,PB 650x325/30x234,32mm,Web Openings,PB 650x250/25x175,20mm,11.7mm,Web Post Bending,PB 650x190/12x84,40mm,Web Post Bending,PB 650x160/8x65,26mm,11.1mm,Web Post Bending,1296,3888,213617.4,502000.89,0.15,0.003276979349851,54.9427469135803,365.6625,5.8875,,426.5,127.689356387605,65.0316551977922,192.721011585398,85.1612577160494,37.6632375,11.716125,,36.7690712373334,171.309691453383,N/A,N/A
68,"12x15, Depth: 450",Steel Beams & Concrete Slab,12,15,450,107.1,300,,12x15,360,38556,PB 450x400/50x493,42mm,Openings,PB 450x450/60x500,20mm,12mm,Live Load Deflection,PB 450x250/25x131,72mm,Openings,PB 450x250/40x163,40mm,12mm,Live Load Deflection,1440,4320,462672,1087279.2,0.15,0.0034502639641,107.1,365.6625,5.8875,,478.7,134.441489527045,68.470488367573,202.911977894618,166.005,37.6632375,11.716125,,38.7133966802027,254.097759180203,N/A,N/A
69,"12x15, Depth: 500",Steel Beams & Concrete Slab,12,15,500,86.1555555555556,335,,12x15,360,31016,PB 500x350/50x401,40mm,Openings,PB 500x350/50x352,20mm,12mm,Live Load Deflection,PB 500x250/18x116,66mm,Openings,PB 500x250/25x129,32mm,12mm,Live Load Deflection,1440,4320,372192,874651.2,0.15,0.003380551762966,86.1555555555556,365.6625,5.8875,,457.7,131.725114126121,67.087049736052,198.812163862173,133.541111111111,37.6632375,11.716125,,37.9311967893932,220.851670400504,N/A,N/A
70,"12x15, Depth: 550",Steel Beams & Concrete Slab,12,15,550,73.4666666666667,370,,12x15,360,26448,PB 550x350/40x343,34mm,Openings,PB 550x350/35x286,18mm,12mm,Live Load Deflection,PB 550x250/15x103,62mm,Openings,PB 550x250/15x103,34mm,13mm,Live Load Deflection,1440,4320,317376,745833.6,0.15,0.003338392479422,73.4666666666667,365.6625,5.8875,,445,130.08235376461,66.2503987541321,196.332752518742,113.873333333333,37.6632375,11.716125,,37.4581520935227,200.710847926856,N/A,N/A
71,"12x15, Depth: 600",Steel Beams & Concrete Slab,12,15,600,66.2111111111111,400,,12x15,360,23836,PB 600x350/35x338,30mm,Openings,PB 600x350/30x241,20mm,12mm,Live Load Deflection,PB 600x250/15x95,54mm,Openings,PB 600x250/15x95,26mm,11.7mm,Openings,1440,4320,286032,672175.2,0.15,0.003314491153319,66.2111111111111,365.6625,5.8875,,437.8,129.151025055722,65.7760769376107,194.927101993332,102.627222222222,37.6632375,11.716125,,37.1899692738166,189.196553996039,N/A,N/A
72,"12x15, Depth: 625",Steel Beams & Concrete Slab,12,15,625,64.80175,420,Accepted 1.07 as a pass for Web openings (many other elements designed to .99 so practically no difference). Assumed new relaxed degree of shear connection rules would pass failing edge primaries. ,12x15,360,23328.63,PB 625x325/35x296,34mm,Web Openings,PB 625x300/30x191,0mm,12.6mm,Live Load Deflection,PB 625x225/15x105,56mm,Web Post Bending,PB 625x140/20x84,46mm,12.9mm,Live Load Deflection,1440,4320,279943.56,657867.366,0.15,0.003309843673243,64.80175,365.6625,5.8875,,436.4,128.969933362327,65.6838476955093,194.653781057836,100.4427125,37.6632375,11.716125,,37.1378226144293,186.959897614429,N/A,N/A
73,"12x15, Depth: 650",Steel Beams & Concrete Slab,12,15,650,59.85625,435,,12x15,360,21548.25,PB 650x300/35x290,34mm,Web Openings,PB 650x250/30x170,0mm,12.9mm,Live Load Deflection,PB 650x225/15x96,48mm,Web Post Bending,PB 650x150/15x84,30mm,12.7mm,Live Load Deflection,1440,4320,258579,607660.65,0.15,0.003293245530116,59.85625,365.6625,5.8875,,431.4,128.323177314488,65.3544575451471,193.677634859635,92.7771875,37.6632375,11.716125,,36.9515845451889,179.108134545189,N/A,N/A
74,"15x9, Depth: 650",Steel Beams & Concrete Slab,15,9,650,71.9423703703704,435,,15x9,270,19424.44,PB 650x300/35x302,-,Nat Frequency,PB 650x300/35x308,-,12.5mm,Imposed Deflection,PB 650x100/8x52,-,Plate Size,PB 650x100/8x52,-,3.0mm,Plate Size,1080,3240,233093.28,547769.208,0.15,0.003333413036484,71.9423703703704,365.6625,5.8875,,443.5,129.888326950258,66.1515817090235,196.039908659282,111.510674074074,37.6632375,11.716125,,37.4022806727506,198.292317246825,N/A,N/A
75,"15x10.5, Depth: 650",Steel Beams & Concrete Slab,15,10.5,650,78.1392063492064,435,,15x10.5,315,24613.85,PB 650x350/45x363,40mm,Natural Frequency,PB 650x325/45x375,18mm,13.1,Live Load Deflection,PB 650x130/8x64,20mm,Web Openings,PB 650x100/8x52,-,5.4mm,Plate Size,1260,3780,295366.2,694110.57,0.15,0.003353994733962,78.1392063492064,365.6625,5.8875,,449.7,130.690304449579,66.5600254954726,197.250329945051,121.11576984127,37.6632375,11.716125,,37.6332158786086,208.128348219878,N/A,N/A
76,"15x12, Depth: 650",Steel Beams & Concrete Slab,15,12,650,79.2241666666667,435,,15x12,360,28520.7,PB 650x350/45x395,40mm,Natural Frequency,PB 650x375/45x426,20mm,13.1mm,Live Load Deflection,PB 625x180/10x69,30mm,Web Post Bending,PB 625x130/8x62,18mm,8.1mm,Plate Size,1440,4320,342248.4,804283.74,0.15,0.00335764632545,79.2241666666667,365.6625,5.8875,,450.8,130.832590780103,66.6324913285522,197.465082108655,122.797458333333,37.6632375,11.716125,,37.6741882538415,209.851009087175,N/A,N/A
77,"15x13.5, Depth: 650",Steel Beams & Concrete Slab,15,13.5,650,80.2345679012346,435,,15x13.5,405,32495,PB 650x475/50x546,38mm,Total Deflection,PB 650x525/55x686,0mm,14.3mm,Live Load Deflection,PB 650x190/12x84,40mm,Web Post Bending,PB 650x160/8x65,26mm,11.1mm,Web Post Bending,1620,4860,389940,916359,0.15,0.003360965954075,80.2345679012346,365.6625,5.8875,,451.8,130.961941989671,66.6983693586247,197.660311348296,124.363580246914,37.6632375,11.716125,,37.7114358676896,211.454378614603,N/A,N/A
78,"15x15, Depth: 450",Steel Beams & Concrete Slab,15,15,450,196.117777777778,300,,15x15,450,88253,2No. PB 450x1000/60x1077,28mm each,Openings,PB 450x1000/60x1046,28mm,15.9mm,Live Load Deflection,PB 450x250/25x131,72mm,Openings,PB 450x250/40x163,40mm,12mm,Live Load Deflection,1800,5400,1059036,2488734.6,0.15,0.003745710911767,196.117777777778,365.6625,5.8875,,567.7,145.953747178581,74.3336330440191,220.2873802226,303.982555555556,37.6632375,11.716125,,42.0284343126811,395.390352368237,N/A,N/A
79,"15x15, Depth: 500",Steel Beams & Concrete Slab,15,15,500,131.266666666667,335,,15x15,450,59070,2No. PB 500x500x60x631,28mm each,Openings,PB 500x500x60x631,28mm,15mm,Openings,PB 500x250/18x116,66mm,Openings,PB 500x250/25x129,32mm,12mm,Live Load Deflection,1800,5400,708840,1665774,0.15,0.003530267013974,131.266666666667,365.6625,5.8875,,502.8,137.55885367763,70.0581488923185,207.617002569948,203.463333333333,37.6632375,11.716125,,39.6110641739412,292.453760007275,N/A,N/A
80,"15x15, Depth: 550",Steel Beams & Concrete Slab,15,15,550,100.035555555556,370,,15x15,450,45016,2No. PB 550x400/55x441,32mm Each,Openings,PB 550x400/55x441,30mm,15mm,Openings,PB 550x250/15x103,62mm,Openings,PB 550x250/15x103,34mm,13mm,Live Load Deflection,1800,5400,540192,1269451.2,0.15,0.00342669460086,100.035555555556,365.6625,5.8875,,471.6,133.523095939114,68.0027543540587,201.525850293173,155.055111111111,37.6632375,11.716125,,38.4489386218814,242.883412232993,N/A,N/A
81,"15x15, Depth: 600",Steel Beams & Concrete Slab,15,15,600,91.8444444444445,400,,15x15,450,41330,2No. PB 600x400/45x402,36mm Each,Nat. Frequency,PB 600x400/45x402,26mm,14mm,Nat. Frequency,PB 600x250/15x95,54mm,Openings,PB 600x250/15x95,26mm,11.7mm,Openings,1800,5400,495960,1165506,0.15,0.003399473646131,91.8444444444445,365.6625,5.8875,,463.4,132.462416020658,67.4625545074648,199.924970528123,142.358888888889,37.6632375,11.716125,,38.1435081883272,229.881759577216,N/A,N/A
82,"15x15, Depth: 625",Steel Beams & Concrete Slab,15,15,625,82.3376,420,Accepted 1.07 as a pass for Web openings (many other elements designed to .99 so practically no difference). Assumed new relaxed degree of shear connection rules would pass failing edge primaries. ,15x15,450,37051.92,PB 625x200/15x89,42mm Each,Nat. Frequency,PB 625x350/45x358,28mm,14.4mm,Nat. Frequency,PB 625x200/15x89,54mm,Web Post Bending,PB 625x180/18x105,36mm,12.1mm,Nat. Frequency,1800,5400,444623.04,1044864.144,0.15,0.003367937174189,82.3376,365.6625,5.8875,,453.9,131.233579529764,66.8367132217768,198.07029275154,127.62328,37.6632375,11.716125,,37.7896558567705,214.792298356771,N/A,N/A
83,"15x15, Depth: 650",Steel Beams & Concrete Slab,15,15,650,83.0268444444445,435,,15x15,450,37362.08,PB 650x250/35x244,52mm Each,Nat. Frequency,PB 650x375/45x445,22mm,15.8mm,Live Load Deflection,PB 650x190/15x90,46mm,Web Post Bending,PB 650x170/18x106,34mm,14.6mm,Live Load Deflection,1800,5400,448344.96,1053610.656,0.15,0.003370260914227,83.0268444444445,365.6625,5.8875,,454.6,131.324125376461,66.8828278428275,198.206953219288,128.691608888889,37.6632375,11.716125,,37.8157291864642,215.886700575353,N/A,N/A
84,"6x9, Depth: 500",Steel Beams & Timber Slab,6,9,500,33.1018518518519,335,,6x9,108,3575,PB 500x120/10x54,-,Openings,PB 500x120/8x44,-,3mm,Plate Size,PB 500x120/10x54,20mm,Openings,PB 500x120/8x44,-,5mm,Plate Size,432,1296,64346.4,151214.04,0.17,0.002302668348276,49.65,,,83.3,133,89.7247763794509,45.6964533715346,135.421229750985,76.9575,0,0,-85.799,25.8368965729244,16.9953965729243,,1.5
85,"6x9, Depth: 550",Steel Beams & Timber Slab,6,9,550,32.25,370,,6x9,108,3483,PB 550x120/10x49,-,Openings,PB 550x120/8x47,-,2mm,Plate Size,PB 550x120/10x49,16mm,Openings,PB 550x120/8x47,-,4mm,Plate Size,432,1296,50155.2,117864.72,0.17,0.002266152433396,38.7,,,83.3,122,88.301913074205,44.9717950407379,133.273708114943,59.985,0,0,-85.799,25.4271728205956,-0.386827179404438,,1.2
86,"6x9, Depth: 600",Steel Beams & Timber Slab,6,9,600,34.5609259259259,400,,6x9,108,3732.58,PB 600x100/8x58,-,Openings,PB 600x100/8x58,-,1.7mm,Openings,PB 600x110/8x50,-,Openings,PB 600x100/8x50,-,3.5mm,Plate Size,432,1296,44789.76,105255.936,0.17,0.002252541956031,34.56,,,83.3,117.9,87.7715731149769,44.7016951174409,132.473268232418,53.568,0,0,-85.799,25.2744576038185,-6.95654239618153,,1
87,"6x9, Depth: 625",Steel Beams & Timber Slab,6,9,625,34.3333333333333,420,Accepted 1.07 as a pass for Web openings (many other elements designed to .99 so practically no difference). Assumed new relaxed degree of shear connection rules would pass failing edge primaries. ,6x9,108,3708,PB 600x120/10x63,-,Openings,PB 600x120/8x50,-,2mm,Plate Size,PB 600x120/8x50,-,Plate Size,PB 600x120/8x50,-,3.3mm,Plate Size,432,1296,44491.68,104555.448,0.17,0.002251546067444,34.33,,,83.3,117.6,87.7327677521065,44.6819317084192,132.414699460526,53.2115,0,0,-85.799,25.2632833196641,-7.32421668033596,,1
88,"6x9, Depth: 650",Steel Beams & Timber Slab,6,9,650,36.5757407407407,435,,6x9,108,3950.18,PB 650x100/8x62,-,Web Openings,PB 650x100/8x62,-,1.4mm,Web Openings,PB 650x100/8x52,-,Plate Size,PB 650x100/8x52,-,3.0mm,Plate Size,432,1296,47407.68,111408.048,0.17,0.002259181213282,36.58,,,83.3,119.9,88.0302755341125,44.8334511775858,132.863726711698,56.699,0,0,-85.799,25.3489528315146,-3.7510471684854,,1
89,"6x10.5, Depth: 500",Steel Beams & Timber Slab,6,10.5,500,35.2936507936508,335,,6x10.5,126,4447,PB 500x140/10x56,-,Openings,PB 500x120/8x45,-,3mm,Plate Size,PB 500x140/15x61,28mm,Openings,PB 500x140/8x47,18mm,8mm,Openings,504,1512,96057.36,225734.796,0.17,0.002348479223307,63.53,,,83.3,146.8,91.5098230714868,46.6055701865341,138.115393258021,98.4715,0,0,-85.799,26.3509136440277,39.0234136440277,,1.8
90,"6x10.5, Depth: 550",Steel Beams & Timber Slab,6,10.5,550,36.1666666666667,370,,6x10.5,126,4557,PB 550x140/10x60,-,Openings,PB 550x120/8x47,-,3mm,Plate Size,PB 550x140/12x62,24mm,Openings,PB 550x120/8x47,16mm,7mm,Plate Size,504,1512,76552.56,179898.516,0.17,0.002305656014039,50.63,,,83.3,133.9,89.841192468062,45.7557435985998,135.596936066662,78.4765,0,0,-85.799,25.8704194253876,18.5479194253876,,1.4
91,"6x10.5, Depth: 600",Steel Beams & Timber Slab,6,10.5,600,37.7099206349206,400,,6x10.5,126,4751.45,PB 600x100/8x68,-,Openings,PB 600x100/8x58,-,1.9mm,Openings,PB 600x130/10x62,22mm,Openings,PB 600x100/8x49,-,6.3mm,Plate Size,504,1512,68418,160782.3,0.17,0.002288061982324,45.25,,,83.3,128.6,89.1556310573525,45.4065900392159,134.562221096568,70.1375,0,0,-85.799,25.6730070719928,10.0115070719928,,1.2
92,"6x10.5, Depth: 625",Steel Beams & Timber Slab,6,10.5,625,38.1846031746032,420,Accepted 1.07 as a pass for Web openings (many other elements designed to .99 so practically no difference). Assumed new relaxed degree of shear connection rules would pass failing edge primaries. ,6x10.5,126,4811.26,PB 625x140/8x74,-,Web Post Bending,PB 625x90/8x58,-,1.9mm,Web Post Bending,PB 625x120/10x63,22mm,Web Post Bending,PB 625x110/8x50,-,5.7mm,Web Post Buckling,504,1512,69279.84,162807.624,0.17,0.002289721796637,45.82,,,83.3,129.1,89.2203066621364,45.4395290542521,134.659835716389,71.021,0,0,-85.799,25.6916308789169,10.9136308789169,,1.2
93,"6x10.5, Depth: 650",Steel Beams & Timber Slab,6,10.5,650,39.1946825396825,435,,6x10.5,126,4938.53,PB 650x100/8x62,-,Plate Size,PB 650x100/8x62,-,1.7mm,Plate Size,PB 650x130/8x64,20mm,Web Openings,PB 650x100/8x52,-,5.4mm,Plate Size,504,1512,71109.36,167106.996,0.17,0.002293705350987,47.03,,,83.3,130.3,89.3755281136178,45.518582690339,134.894110803957,72.8965,0,0,-85.799,25.7363280155346,12.8338280155346,,1.2
94,"6x12, Depth: 500",Steel Beams & Timber Slab,6,12,500,41.5416666666667,335,,6x12,144,5982,PB 500x200/10x65,-,Openings,PB 500x120/8x45,-,3mm,Openings,PB 500x180/15x75,40mm,Openings,PB 500x180/10x59,24mm,10mm,Openings,576,1728,150750.72,354264.192,0.17,0.002427154421731,87.24,,,83.3,170.5,94.5754467382441,48.1668794992506,142.742326237495,135.222,0,0,-85.799,27.233682092227,76.656682092227,,2.1
95,"6x12, Depth: 550",Steel Beams & Timber Slab,6,12,550,41.2361111111111,370,,6x12,144,5938,PB 550x200/10x69,-,Openings,PB 550x120/10x50,-,3mm,Openings,PB 550x180/12x76,34mm,Openings,PB 550x150/10x53,22mm,10mm,Openings,576,1728,121132.8,284662.08,0.17,0.002370388772235,70.1,,,83.3,153.4,92.3635410546344,47.0403651850121,139.403906239647,108.655,0,0,-85.799,26.596747895425,49.452747895425,,1.7
96,"6x12, Depth: 600",Steel Beams & Timber Slab,6,12,600,42.7615972222222,400,,6x12,144,6157.67,PB 600x100/10x69,-,Openings,PB 600x100/8x58,-,2.2mm,Openings,PB 600x180/10x75,32mm,Openings,PB 600x120/8x60,20mm,9mm,Openings,576,1728,103455.36,243120.096,0.17,0.002336528560256,59.87,,,83.3,143.2,91.0441587170427,46.3684092782733,137.412567995316,92.7985,0,0,-85.799,26.2168222341747,33.2163222341747,,1.4
97,"6x12, Depth: 625",Steel Beams & Timber Slab,6,12,625,44.0267361111111,420,Accepted 1.07 as a pass for Web openings (many other elements designed to .99 so practically no difference). Assumed new relaxed degree of shear connection rules would pass failing edge primaries. ,6x12,144,6339.85,PB 625x170/10x80,-,Web Post Bending,PB 625x150/10x67,-,1.7mm,Web Post Bending,PB 625x180/8x76,30mm,Web Post Bending,PB 625x130/8x62,18mm,8.1mm,Web Post Bending,576,1728,106513.92,250307.712,0.17,0.002342171928919,61.64,,,83.3,144.9,91.264055773308,46.4804019293965,137.744457702704,95.542,0,0,-85.799,26.2801431777164,36.0231431777164,,1.4
98,"6x12, Depth: 650",Steel Beams & Timber Slab,6,12,650,41.5945138888889,435,,6x12,144,5989.61,PB 650x110/8x73,-,Web Post Bending,PB 650x90/8x62,18mm,2mm,Web Post Bending,PB 650x225/8x69,30mm,Web Post Bending,PB 650x100/8x62,18mm,8.1mm,Web Post Bending,576,1728,100621.44,236460.384,0.17,0.002330885191592,58.23,,,83.3,141.5,90.8242616607774,46.2564166271502,137.080678287928,90.2565,0,0,-85.799,26.153501290633,30.611001290633,,1.4
99,"6x13.5, Depth: 500",Steel Beams & Timber Slab,6,13.5,500,49.8765432098765,335,,6x13.5,162,8080,PB 500x200/12x76,-,Openings,PB 500x150/8x47,-,3.5mm,Openings,PB 500x225/15x92,56mm,Openings,PB 500x200/15x78,30mm,12mm,Live Load Deflection,648,1944,271479.6,637977.06,0.17,0.002601434924568,139.65,,,83.3,223,101.366385240555,51.6254760780531,152.991861318608,216.4575,0,0,-85.799,29.1891818192508,159.847681819251,,2.8
100,"6x13.5, Depth: 550",Steel Beams & Timber Slab,6,13.5,550,45.6728395061728,370,,6x13.5,162,7399,PB 550x200/12x80,-,Openings,PB 550x150/10x53,-,3mm,Plate Size,PB 550x225/15x85,48mm,Openings,PB 550x225/12x62,30mm,11.5mm,Openings,648,1944,195333.12,459032.832,0.17,0.00247130548245,100.48,,,83.3,183.8,96.295817825496,49.0430572992139,145.33887512471,155.744,0,0,-85.799,27.7290753564064,97.6740753564064,,2.2
101,"6x13.5, Depth: 600",Steel Beams & Timber Slab,6,13.5,600,46.517962962963,400,,6x13.5,162,7535.91,PB 600x200/12x85,-,Openings,PB 600x150/10x64,-,2mm,Openings,PB 600x225/12x83,44mm,Openings,PB 600x225/12x83,22mm,9mm,Openings,648,1944,171810.72,403755.192,0.17,0.002431137976082,88.38,,,83.3,171.7,94.7306681897254,48.2459331353375,142.976601325063,136.989,0,0,-85.799,27.2783792288447,78.4683792288447,,1.9
102,"6x13.5, Depth: 625",Steel Beams & Timber Slab,6,13.5,625,45.6896296296296,420,Accepted 1.07 as a pass for Web openings (many other elements designed to .99 so practically no difference). Assumed new relaxed degree of shear connection rules would pass failing edge primaries. ,6x13.5,162,7401.72,PB 625x120/10x72,-,Web Openings,PB 625x110/10x62,-,2.2mm,Web Post Bending,PB 625x200/12x83,42mm,Web Post Bending,PB 625x150/10x65,26mm,11.4mm,Nat. Frequency,648,1944,159874.56,375705.216,0.17,0.002410556278604,82.24,,,83.3,165.5,93.928690690405,47.8374893488885,141.766180039293,127.472,0,0,-85.799,27.0474440229867,68.7204440229867,,1.8
103,"6x13.5, Depth: 650",Steel Beams & Timber Slab,6,13.5,650,45.825987654321,435,,6x13.5,162,7423.81,PB 650x120/8x72,-,Web Openings,PB 650x100/8x61,-,2.2mm,Web Post Bending,PB 650x190/12x84,40mm,Web Post Bending,PB 650x160/8x65,26mm,11.1mm,Web Post Bending,648,1944,160360.56,376847.316,0.17,0.002411552167191,82.49,,,83.3,165.8,93.9674960532753,47.8572527579102,141.824748811186,127.8595,0,0,-85.799,27.0586183071411,69.1191183071411,,1.8
104,"6x15, Depth: 450",Steel Beams & Timber Slab,6,15,450,,300,,6x15,,,,,,,,,,,,,,,,,0,0,#DIV/0!,#DIV/0!,0.17,#DIV/0!,#DIV/0!,,,83.3,#DIV/0!,#DIV/0!,#DIV/0!,#DIV/0!,#DIV/0!,0,0,-85.799,#DIV/0!,#DIV/0!,,N/A
105,"6x15, Depth: 550",Steel Beams & Timber Slab,6,15,550,57.5706111111111,370,,6x15,180,10362.71,PB 550x190/10x73,0mm,Web Openings,PB 550x100/8x54,-,3.3mm,Web Openings,PB 550x250/15x103,62mm,Web Openings,PB 550x250/15x103,34mm,13mm,Live Load Deflection,720,2160,310888.8,730588.68,0.17,0.002615377364795,143.93,,,83.3,227.2,101.909660320739,51.9021638043573,153.811824125097,223.0915,0,0,-85.799,29.3456217974127,166.638121797413,,2.5
106,"6x15, Depth: 600",Steel Beams & Timber Slab,6,15,600,55.2611111111111,400,,6x15,180,9947,PB 600x200/12x89,-,Openings,PB 600x150/10x69,-,2mm,Openings,PB 600x250/15x95,54mm,Openings,PB 600x250/15x95,26mm,11.7mm,Openings,720,2160,250668,589069.8,0.17,0.002523091689007,116.05,,,83.3,199.4,98.313696694754,50.0707545683438,148.384451263098,179.8775,0,0,-85.799,28.3101381324363,122.388638132436,,2.1
107,"6x15, Depth: 650",Steel Beams & Timber Slab,6,15,650,52.6776666666667,435,,6x15,180,9481.98,PB 650x120/12x78,-,Web Post Bending,PB 650x100/12x65,-,2.2mm,Web Post Bending,PB 650x225/15x96,48mm,Web Post Bending,PB 650x150/15x84,30mm,12.7mm,Live Load Deflection,720,2160,227577.6,534807.36,0.17,0.002487571662714,105.36,,,83.3,188.7,96.9296387523784,49.3658596465688,146.295498398947,163.308,0,0,-85.799,27.9115886642619,105.420588664262,,2
108,"9x9, Depth: 500",Steel Beams & Timber Slab,9,9,500,38.0555555555556,335,,9x9,162,6165,PB 500x250/18x125,18mm,Openings,PB 500x200/12x75,-,8mm,Openings,PB 500x120/10x54,20mm,Openings,PB 500x120/8x44,-,5mm,Plate Size,648,1944,162751.68,382466.448,0.17,0.002415535721542,83.72,,,83.3,167,94.1227175047567,47.9363063939971,142.059023898754,129.766,0,0,-85.799,27.1033154437588,71.0703154437588,,2.2
109,"9x9, Depth: 550",Steel Beams & Timber Slab,9,9,550,37.4259259259259,370,,9x9,162,6063,PB 550x250/18x132,16mm,Openings,PB 550x200/12x76,-,7mm,Openings,PB 550x120/10x49,16mm,Openings,PB 550x120/8x47,-,4mm,Plate Size,648,1944,123677.28,290641.608,0.17,0.00234881118617,63.62,,,83.3,146.9,91.5227581924436,46.6121579895413,138.134916181985,98.611,0,0,-85.799,26.3546384054126,39.1666384054125,,1.7
110,"9x9, Depth: 600",Steel Beams & Timber Slab,9,9,600,36.6666666666667,400,,9x9,162,5940,PB 600x250/15x102,-,Openings,PB 600x200/10x77,-,6mm,Openings,PB 600x120/8x50,-,Plate Size,PB 600x120/8x50,-,3.3mm,Plate Size,648,1944,106920,251262,0.17,0.002320262379991,55,,,83.3,138.3,90.4103377901604,46.0456069309184,136.455944721079,85.25,0,0,-85.799,26.0343089263191,25.4853089263191,,1.5
111,"9x9, Depth: 625",Steel Beams & Timber Slab,9,9,625,36.6666666666667,420,Accepted 1.07 as a pass for Web openings (many other elements designed to .99 so practically no difference). Assumed new relaxed degree of shear connection rules would pass failing edge primaries. ,9x9,162,5940,PB 600x250/15x102,-,Openings,PB 600x200/10x77,-,6mm,Openings,PB 600x120/8x50,-,Plate Size,PB 600x120/8x50,-,3.3mm,Plate Size,648,1944,99785.52,234495.972,0.17,0.002307979754077,51.33,,,83.3,134.6,89.9317383147594,45.8018582196504,135.73359653441,79.5615,0,0,-85.799,25.8964927550813,19.6589927550812,,1.4
112,"9x9, Depth: 650",Steel Beams & Timber Slab,9,9,650,36.2722222222222,435,,9x9,162,5876.1,PB 650x190/15x97,-,Web Openings,PB 650x130/10x68,-,6.3mm,Web Openings,PB 650x100/8x52,-,Plate Size,PB 650x100/8x52,-,3.0mm,Plate Size,648,1944,84622.32,198862.452,0.17,0.002282086650798,43.53,,,83.3,126.8,88.9227988801305,45.2880095850855,134.210808465216,67.4715,0,0,-85.799,25.6059613670663,7.27846136706631,,1.2
113,"9x10.5, Depth: 500",Steel Beams & Timber Slab,9,10.5,500,40.2010582010582,335,,9x10.5,189,7598,PB 500x250/20x140,20mm,Openings,PB 500x200/12x83,16mm,9mm,Openings,PB 500x140/15x61,28mm,Openings,PB 500x140/8x47,18mm,8mm,Openings,756,2268,227934,535644.9,0.17,0.00247130548245,100.5,,,83.3,183.8,96.295817825496,49.0430572992139,145.33887512471,155.775,0,0,-85.799,27.7290753564064,97.7050753564064,,2.5
114,"9x10.5, Depth: 550",Steel Beams & Timber Slab,9,10.5,550,39.8042328042328,370,,9x10.5,189,7523,PB 550x250/18x131,18mm,Openings,PB 550x200/12x79,-,8mm,Openings,PB 550x140/12x62,24mm,Openings,PB 550x120/8x47,16mm,7mm,Plate Size,756,2268,180555.48,424305.378,0.17,0.002401925244177,79.61,,,83.3,162.9,93.5923775455287,47.6662064707002,141.258584016229,123.3955,0,0,-85.799,26.9506002269817,64.5471002269817,,2
115,"9x10.5, Depth: 600",Steel Beams & Timber Slab,9,10.5,600,40.0582010582011,400,,9x10.5,189,7571,PB 600x250/15x120,-,Openings,PB 600x200/10x77,-,7mm,Openings,PB 600x140/10x64,20mm,Openings,PB 600x120/8x50,-,6mm,Plate Size,756,2268,154450.8,362959.38,0.17,0.002363749514985,68.1,,,83.3,151.4,92.1048386354988,46.9086091248672,139.013447760366,105.555,0,0,-85.799,26.5222526677289,46.2782526677289,,1.7
116,"9x10.5, Depth: 625",Steel Beams & Timber Slab,9,10.5,625,39.8996825396825,420,Accepted 1.07 as a pass for Web openings (many other elements designed to .99 so practically no difference). Assumed new relaxed degree of shear connection rules would pass failing edge primaries. ,9x10.5,189,7541.04,PB 625x250/15x119,-,Web Post Bending,PB 625x200/10x77,-,6.7mm,Openings,PB 625x140/8x64,20mm,Web Post Bending,PB 625x100/8x50,-,6mm,Web Post Buckling,756,2268,144789.12,340254.432,0.17,0.002349475111895,63.84,,,83.3,147.1,91.5486284343571,46.6253335955558,138.173962029913,98.952,0,0,-85.799,26.3620879281822,39.5150879281822,,1.6
117,"9x10.5, Depth: 650",Steel Beams & Timber Slab,9,10.5,650,40.0858201058201,435,,9x10.5,189,7576.22,PB 650x225/15x112,-,Total Deflection,PB 650x140/10x77,-,6.6mm,Web Post Bending,PB 650x130/8x64,20mm,Web Openings,PB 650x100/8x52,-,5.4mm,Plate Size,756,2268,127280.16,299108.376,0.17,0.002323913971479,56.12,,,83.3,139.4,90.552624120685,46.1180727639981,136.670696884683,86.986,0,0,-85.799,26.075281301552,27.262281301552,,1.4
118,"9x12, Depth: 500",Steel Beams & Timber Slab,9,12,500,46.2824074074074,335,,9x12,216,9997,PB 500x300/20x166,18mm,Openings,PB 500x200/15x91,16mm,9mm,Openings,PB 500x180/15x75,40mm,Openings,PB 500x180/10x59,24mm,10mm,Openings,864,2592,359899.2,845763.12,0.17,0.002598779221668,138.85,,,83.3,222.2,101.2629042729,51.5727736539952,152.835677926895,215.2175,0,0,-85.799,29.1593837281723,158.577883728172,,3
119,"9x12, Depth: 550",Steel Beams & Timber Slab,9,12,550,45.4259259259259,370,,9x12,216,9812,PB 550x300/20x166,16mm,Openings,PB 550x200/12x87,-,8mm,Openings,PB 550x180/12x76,34mm,Openings,PB 550x150/10x53,22mm,10mm,Openings,864,2592,282579.84,664062.624,0.17,0.002499522325766,109.02,,,83.3,192.3,97.3953031068225,49.6030205548296,146.998323661652,168.981,0,0,-85.799,28.045680074115,111.227680074115,,2.4
120,"9x12, Depth: 600",Steel Beams & Timber Slab,9,12,600,43.9024537037037,400,,9x12,216,9482.93,PB 600x300/18x151,-,Openings,PB 600x200/12x92,-,7mm,Openings,PB 600x180/10x76,30mm,Openings,PB 600x180/10x67,16mm,7mm,Openings,864,2592,227577.6,534807.36,0.17,0.002429146198906,87.8,,,83.3,171.1,94.6530574639848,48.2064063172941,142.859463781279,136.09,0,0,-85.799,27.2560306605359,77.5470306605359,,2
121,"9x12, Depth: 625",Steel Beams & Timber Slab,9,12,625,43.7300462962963,420,Accepted 1.07 as a pass for Web openings (many other elements designed to .99 so practically no difference). Assumed new relaxed degree of shear connection rules would pass failing edge primaries. ,9x12,216,9445.69,PB 625x250/18x136,-,Web Openings,PB 625x200/10x84,-,7.2mm,Web Openings,PB 625x180/10x69,30mm,Web Post Buckling,PB 625x130/8x62,18mm,8.1mm,Openings,864,2592,215369.28,506117.808,0.17,0.002413543944367,83.09,,,83.3,166.4,94.045106779016,47.8967795759537,141.94188635497,128.7895,0,0,-85.799,27.08096687545,70.0714668754499,,1.9
122,"9x12, Depth: 650",Steel Beams & Timber Slab,9,12,650,41.7428240740741,435,,9x12,216,9016.45,PB 650x250/18x123,-,Total Deflection,PB 650x170/10x79,-,7.1mm,Web Post Bending,PB 625x180/10x69,30mm,Web Post Bending,PB 625x130/8x62,18mm,8.1mm,Plate Size,864,2592,183928.32,432231.552,0.17,0.002373376437998,70.96,,,83.3,154.3,92.4799571432454,47.0996554120773,139.579612555323,109.988,0,0,-85.799,26.6302707478883,50.8192707478883,,1.7
123,"9x13.5, Depth: 500",Steel Beams & Timber Slab,9,13.5,500,54.4691358024691,335,,9x13.5,243,13236,PB 500x300/25x206,18mm,Openings,PB 500x200/18x102,16mm,9mm,Openings,PB 500x225/15x92,56mm,Openings,PB 500x200/15x78,30mm,12mm,Live Load Deflection,972,2916,619445.88,1455697.818,0.17,0.00284277192564,212.43,,,83.3,295.7,110.770218176135,56.4148088643186,167.185027040453,329.2665,0,0,-85.799,31.8970833460056,275.364583346006,,3.9
124,"9x13.5, Depth: 550",Steel Beams & Timber Slab,9,13.5,550,49.5061728395062,370,,9x13.5,243,12030,PB 550x300/20x174,18mm,Openings,PB 550x200/15x104,-,8mm,Openings,PB 550x225/15x85,48mm,Openings,PB 550x225/12x62,30mm,11.5mm,Openings,972,2916,447518.52,1051668.522,0.17,0.0026472457996,153.47,,,83.3,236.8,103.15143193259,52.5345928930526,155.686024825643,237.8785,0,0,-85.799,29.7031988903542,181.782698890354,,3.1
125,"9x13.5, Depth: 600",Steel Beams & Timber Slab,9,13.5,600,47.6541563786008,400,,9x13.5,243,11579.96,PB 600x300/18x164,-,Openings,PB 600x200/12x92,-,8mm,Openings,PB 600x225/12x83,44mm,Openings,PB 600x225/12x83,22mm,9mm,Openings,972,2916,375201.72,881724.042,0.17,0.002564919009688,128.67,,,83.3,212,99.9435219353085,50.9008177472564,150.844339682565,199.4385,0,0,-85.799,28.779458066922,142.418958066922,,2.7
126,"9x13.5, Depth: 625",Steel Beams & Timber Slab,9,13.5,625,46.7371604938272,420,Accepted 1.07 as a pass for Web openings (many other elements designed to .99 so practically no difference). Assumed new relaxed degree of shear connection rules would pass failing edge primaries. ,9x13.5,243,11357.13,PB 625x275/18x149,-,Web Openings,PB 625x190/12x92,-,7.7mm,Web Openings,PB 625x225/10x82,42mm,Web Post Bending,PB 625x170/8x65,26mm,11.8mm,Live Load Deflection,972,2916,340705.44,800657.784,0.17,0.002525415429045,116.84,,,83.3,200.1,98.4042425414515,50.1168691893945,148.521111730846,181.102,0,0,-85.799,28.33621146213,123.63921146213,,2.5
127,"9x13.5, Depth: 650",Steel Beams & Timber Slab,9,13.5,650,46.988353909465,435,,9x13.5,243,11418.17,PB 650x250/18x146,-,Web Openings,PB 650x190/12x88,-,7.1mm,Web Openings,PB 650x190/12x84,40mm,Web Post Bending,PB 650x160/8x65,26mm,11.1mm,Web Post Bending,972,2916,301426.92,708353.262,0.17,0.002480932405464,103.37,,,83.3,186.7,96.6709363332427,49.234103586424,145.905039919667,160.2235,0,0,-85.799,27.8370934365658,102.261593436566,,2.2
128,"9x15, Depth: 450",Steel Beams & Timber Slab,9,15,450,78.4296296296296,300,,9x15,270,21176,PB 450x350/30x244,20mm,Openings,PB 450x250/20x127,-,11mm,Openings,PB 450x250/25x131,72mm,Openings,PB 450x250/40x163,40mm,12mm,Live Load Deflection,1080,3240,#VALUE!,#VALUE!,0.17,#VALUE!,#VALUE!,,,83.3,#VALUE!,#VALUE!,#VALUE!,#VALUE!,#VALUE!,0,0,-85.799,#VALUE!,#VALUE!,,N/A
129,"9x15, Depth: 500",Steel Beams & Timber Slab,9,15,500,66.22,335,,6x15,180,11919.6,PB 500x170/12x83,0mm,Openings,PB 500x110/8x51,-,3.8mm,Openings,PB 500x250/18x116,66mm,Openings,PB 500x250/25x129,32mm,12mm,Live Load Deflection,720,2160,629359.2,1478994.12,0.17,0.003105022587052,291.37,,,83.3,374.7,120.988963731992,61.6191732400405,182.608136972033,451.6235,0,0,-85.799,34.8396448400033,400.664144840003,,4.4
130,"9x15, Depth: 500",Steel Beams & Timber Slab,9,15,500,70.2888888888889,335,,9x15,270,18978,PB 500x350/30x256,16mm,Openings,PB 500x250/20x133,-,9mm,Openings,PB 500x250/18x116,66mm,Openings,PB 500x250/25x129,32mm,12mm,Live Load Deflection,1080,3240,1002034.8,2354781.78,0.17,0.003164443939448,309.27,,,83.3,392.6,123.304350383256,62.7983899783369,186.102740361593,479.3685,0,0,-85.799,35.5063771278837,429.075877127884,,4.4
131,"9x15, Depth: 550",Steel Beams & Timber Slab,9,15,550,59.4259259259259,370,,9x15,270,16045,PB 550x300/25x205,18mm,Openings,PB 550x225/15x102,-,9mm,Openings,PB 550x250/15x103,62mm,Openings,PB 550x250/15x103,34mm,13mm,Live Load Deflection,1080,3240,673887.6,1583635.86,0.17,0.002828165559688,207.99,,,83.3,291.3,110.201072854036,56.124945532,166.326018386036,322.3845,0,0,-85.799,31.7331938450741,268.318693845074,,3.5
132,"9x15, Depth: 600",Steel Beams & Timber Slab,9,15,600,56.0925925925926,400,,9x15,270,15145,PB 600x350/20x198,-,Openings,PB 600x225/15x107,-,8mm,Openings,PB 600x250/15x95,54mm,Openings,PB 600x250/15x95,26mm,11.7mm,Openings,1080,3240,527050.8,1238569.38,0.17,0.002677786382954,162.67,,,83.3,246,104.341463060614,53.1406707697189,157.482133830333,252.1385,0,0,-85.799,30.0458769377564,196.385376937756,,2.9
133,"9x15, Depth: 625",Steel Beams & Timber Slab,9,15,625,53.281,420,Accepted 1.07 as a pass for Web openings (many other elements designed to .99 so practically no difference). Assumed new relaxed degree of shear connection rules would pass failing edge primaries. ,9x15,270,14385.87,PB 625x250/20x182,-,Total Deflection,PB 625x190/15x90,-,7.9mm,Web Openings,PB 625x225/15x93,52mm,Web Post Bending,PB 625x170/15x84,30mm,12.9mm,Live Load Deflection,1080,3240,466106.4,1095350.04,0.17,0.002615377364795,143.86,,,83.3,227.2,101.909660320739,51.9021638043573,153.811824125097,222.983,0,0,-85.799,29.3456217974127,166.529621797413,,2.7
134,"9x15, Depth: 650",Steel Beams & Timber Slab,9,15,650,52.8153333333333,435,,9x15,270,14260.14,PB 650x250/20x178,-,Total Deflection,PB 650x170/15x88,-,7.7mm,Web Openings,PB 650x225/15x96,48mm,Web Post Bending,PB 650x150/15x84,30mm,12.7mm,Live Load Deflection,1080,3240,410702.4,965150.64,0.17,0.0025586117153,126.76,,,83.3,210.1,99.6977546371297,50.7756494901188,150.473404127248,196.478,0,0,-85.799,28.7086876006107,139.387687600611,,2.4
135,"10.5x10.5, Depth: 500",Steel Beams & Timber Slab,10.5,10.5,500,45.4557823129252,335,,10.5x10.5,220.5,10023,PB 500x250/30x195,28mm,Openings,PB 500x200/18x118,22mm,12mm,Live Load Deflection,PB 500x140/15x61,28mm,Openings,PB 500x140/8x47,18mm,8mm,Openings,882,2646,348795.72,819669.942,0.17,0.002575209858427,131.82,,,83.3,215.1,100.344510684969,51.1050396404809,151.44955032545,204.321,0,0,-85.799,28.894925669851,147.416925669851,,2.9
136,"10.5x10.5, Depth: 550",Steel Beams & Timber Slab,10.5,10.5,550,44.4263038548753,370,,10.5x10.5,220.5,9796,PB 550x250/30x177,26mm,Openings,PB 550x200/18x113,18mm,10.5mm,Openings,PB 550x140/12x62,24mm,Openings,PB 550x120/8x47,16mm,7mm,Plate Size,882,2646,270368.28,635365.458,0.17,0.002476948851113,102.18,,,83.3,185.5,96.5157148817614,49.155049950337,145.670764832098,158.379,0,0,-85.799,27.7923962999481,100.372396299948,,2.3
137,"10.5x10.5, Depth: 600",Steel Beams & Timber Slab,10.5,10.5,600,45.2925170068027,400,,10.5x10.5,220.5,9987,PB 600x250/25x155,26mm,Openings,PB 600x200/15x107,18mm,10mm,Openings,PB 600x140/10x64,20mm,Openings,PB 600x120/8x50,-,6mm,Plate Size,882,2646,239701.14,563297.679,0.17,0.002438441159058,90.59,,,83.3,173.9,95.0152408507747,48.3908648014969,143.406105652272,140.4145,0,0,-85.799,27.3603239793105,81.9758239793105,,2
138,"10.5x10.5, Depth: 625",Steel Beams & Timber Slab,10.5,10.5,625,45.2925170068027,420,Accepted 1.07 as a pass for Web openings (many other elements designed to .99 so practically no difference). Assumed new relaxed degree of shear connection rules would pass failing edge primaries. ,10.5x10.5,220.5,9987,PB 600x250/25x155,26mm,Openings,PB 600x200/15x107,18mm,10mm,Openings,PB 600x140/10x64,20mm,Openings,PB 600x120/8x50,-,6mm,Plate Size,882,2646,215728.38,506961.693,0.17,0.002408232538566,81.53,,,83.3,164.8,93.8381448437075,47.7913747278378,141.629519571545,126.3715,0,0,-85.799,27.021370693293,67.593870693293,,1.8
139,"12x9, Depth: 650",Steel Beams & Timber Slab,12,9,650,45.4907407407407,435,,12x9,216,9826,PB 650x250/20x214,-,Web Openings,PB 650x180/15x106,-,12.1mm,Web Openings,PB 650x100/8x52,-,Plate Size,PB 650x100/8x52,-,3.0mm,Plate Size,864,2592,200439.36,471032.496,0.17,0.002394290098339,77.33,,,83.3,160.6,93.2948697635227,47.5146870015336,140.809556765056,119.8615,0,0,-85.799,26.8649307151311,60.9274307151311,,1.7
140,"12x10.5, Depth: 650",Steel Beams & Timber Slab,12,10.5,650,46.1565079365079,435,,12x10.5,252,11631.44,PB 650x300/25x184,32mm,Web Openings,PB 650x250/15x119,24mm,12.4mm,Web Openings,PB 650x130/8x64,20mm,Web Openings,PB 650x100/8x52,-,5.4mm,Plate Size,1008,3024,265204.8,623231.28,0.17,0.002428814236044,87.7,,,83.3,171,94.640122343028,48.1998185142868,142.839940857315,135.935,0,0,-85.799,27.2523058991511,77.3883058991511,,1.9
141,"12x12, Depth: 500",Steel Beams & Timber Slab,12,12,500,63.3993055555556,335,,12x12,288,18259,PB 500x350/35x286,38mm,Openings,PB 500x350/30x257,20mm,12mm,Live Load Deflection,PB 500x180/15x75,40mm,Openings,PB 500x180/10x59,24mm,10mm,Openings,1152,3456,920263.68,2162619.648,0.17,0.003021699908552,266.28,,,83.3,349.6,117.74224837184,59.9656346852225,177.707883057063,412.734,0,0,-85.799,33.9047297324167,360.839729732417,,4.2
142,"12x12, Depth: 550",Steel Beams & Timber Slab,12,12,550,57.3541666666667,370,,12x12,288,16518,PB 550x300/35x267,34mm,Openings,PB 550x300/30x197,20mm,12mm,Live Load Deflection,PB 550x180/12x76,34mm,Openings,PB 550x150/10x53,22mm,10mm,Openings,1152,3456,654117.12,1537175.232,0.17,0.002766088504391,189.27,,,83.3,272.6,107.782205235118,54.8930263696455,162.675231604764,293.3685,0,0,-85.799,31.0366634661152,238.606163466115,,3.3
143,"12x12, Depth: 600",Steel Beams & Timber Slab,12,12,600,53.7777777777778,400,,12x12,288,15488,PB 600x300/30x239,34mm,Openings,PB 600x300/20x152,22mm,12mm,Live Load Deflection,PB 600x180/10x76,30mm,Openings,PB 600x180/10x67,16mm,7mm,Openings,1152,3456,520404.48,1222950.528,0.17,0.002637618876586,150.58,,,83.3,233.9,102.776313424844,52.3435466058426,155.119860030686,233.399,0,0,-85.799,29.5951808101948,177.195180810195,,2.8
144,"12x12, Depth: 625",Steel Beams & Timber Slab,12,12,625,52.0772222222222,420,Accepted 1.07 as a pass for Web openings (many other elements designed to .99 so practically no difference). Assumed new relaxed degree of shear connection rules would pass failing edge primaries. ,12x12,288,14998.24,PB 625x300/30x223,32mm,Openings,PB 625x300/18x139,24mm,12.7mm,Openings,PB 625x160/10x77,30mm,Web Post Bending,PB 625x140/10x66,0mm,7.6mm,Web Post Bending,1152,3456,467942.4,1099664.64,0.17,0.002587160521479,135.4,,,83.3,218.7,100.810175039413,51.3422005487417,152.152375588155,209.87,0,0,-85.799,29.0290170797041,153.100017079704,,2.6
145,"12x12, Depth: 650",Steel Beams & Timber Slab,12,12,650,48.3102083333333,435,,12x12,288,13913.34,PB 650x275/30x218,32mm,Web Openings,PB 650x275/18x132,24mm,12.6mm,Web Openings,PB 625x180/10x69,30mm,Web Post Bending,PB 625x130/8x62,18mm,8.1mm,Plate Size,1152,3456,383996.16,902390.976,0.17,0.00250649354588,111.11,,,83.3,194.4,97.6669406469149,49.7413644179817,147.408305064897,172.2205,0,0,-85.799,28.123900063196,114.545400063196,,2.3
146,"12x13.5, Depth: 500",Steel Beams & Timber Slab,12,13.5,500,73.2808641975309,335,,12x13.5,324,23743,PB 500x350/40x356,36mm,Openings,PB 500x350/40x310,18mm,12mm,Live Load Deflection,PB 500x225/15x92,56mm,Openings,PB 500x200/15x78,30mm,12mm,Live Load Deflection,1296,3888,1567019.52,3682495.872,0.17,0.003475493141654,403.04,,,83.3,486.3,135.424558719761,68.9711613961234,204.395720115884,624.712,0,0,-85.799,38.996478545448,577.909478545448,,5.5
147,"12x13.5, Depth: 550",Steel Beams & Timber Slab,12,13.5,550,64.3641975308642,370,,12x13.5,324,20854,PB 550x350/35x312,34mm,Openings,PB 550x300/35x259,18mm,12mm,Live Load Deflection,PB 550x225/15x85,48mm,Openings,PB 550x225/12x62,30mm,11.5mm,Openings,1296,3888,1101081.6,2587541.76,0.17,0.003077801632323,283.2,,,83.3,366.5,119.928283813536,61.0789733934465,181.007257206983,438.96,0,0,-85.799,34.5342144064491,387.695214406449,,4.4
148,"12x13.5, Depth: 600",Steel Beams & Timber Slab,12,13.5,600,60.6697530864198,400,,12x13.5,324,19657,PB 600x350/30x292,30mm,Openings,PB 600x300/25x204,20mm,12mm,Live Load Deflection,PB 600x225/12x83,44mm,Openings,PB 600x225/12x83,22mm,9mm,Openings,1296,3888,872778.24,2051028.864,0.17,0.002882939432008,224.48,,,83.3,307.8,112.335367811905,57.211933028195,169.5473008401,347.944,0,0,-85.799,32.3477794735673,294.492779473567,,3.7
149,"12x13.5, Depth: 625",Steel Beams & Timber Slab,12,13.5,625,54.8664197530864,420,Accepted 1.07 as a pass for Web openings (many other elements designed to .99 so practically no difference). Assumed new relaxed degree of shear connection rules would pass failing edge primaries. ,12x13.5,324,17776.72,PB 625x325/30x251,34mm,Web Openings,PB 625x300/20x171,22mm,12.6mm,Live Load Deflection,PB 625x200/12x83,42mm,Web Post Bending,PB 625x170/8x65,26mm,11.8mm,Live Load Deflection,1296,3888,725306.4,1704470.04,0.17,0.002757125507103,186.55,,,83.3,269.9,107.432956969285,54.71515568845,162.148112657735,289.1525,0,0,-85.799,30.9360949087254,234.289594908725,,3.4
150,"12x13.5, Depth: 650",Steel Beams & Timber Slab,12,13.5,650,54.9427469135803,435,,12x13.5,324,17801.45,PB 650x325/30x234,32mm,Web Openings,PB 650x250/25x175,20mm,11.7mm,Web Post Bending,PB 650x190/12x84,40mm,Web Post Bending,PB 650x160/8x65,26mm,11.1mm,Web Post Bending,1296,3888,640859.04,1506018.744,0.17,0.002684757603067,164.83,,,83.3,248.1,104.613100600707,53.279014632871,157.892115233578,255.4865,0,0,-85.799,30.1240969268374,199.811596926837,,3
151,"12x15, Depth: 450",Steel Beams & Timber Slab,12,15,450,107.1,300,,12x15,360,38556,PB 450x400/50x493,42mm,Openings,PB 450x450/60x500,20mm,12mm,Live Load Deflection,PB 450x250/25x131,72mm,Openings,PB 450x250/40x163,40mm,12mm,Live Load Deflection,1440,4320,#VALUE!,#VALUE!,0.17,#VALUE!,#VALUE!,,,83.3,#VALUE!,#VALUE!,#VALUE!,#VALUE!,#VALUE!,0,0,-85.799,#VALUE!,#VALUE!,,N/A
152,"12x15, Depth: 500",Steel Beams & Timber Slab,12,15,500,86.1555555555556,335,,12x15,360,31016,PB 500x350/50x401,40mm,Openings,PB 500x350/50x352,20mm,12mm,Live Load Deflection,PB 500x250/18x116,66mm,Openings,PB 500x250/25x129,32mm,12mm,Live Load Deflection,1440,4320,2270376,5335383.6,0.17,0.003882479611136,525.55,,,83.3,608.9,151.283017012775,77.0478078830031,228.330824895778,814.6025,0,0,-85.799,43.5630360032216,772.366536003222,,6.1
153,"12x15, Depth: 550",Steel Beams & Timber Slab,12,15,550,73.4666666666667,370,,12x15,360,26448,PB 550x350/40x343,34mm,Openings,PB 550x350/35x286,18mm,12mm,Live Load Deflection,PB 550x250/15x103,62mm,Openings,PB 550x250/15x103,34mm,13mm,Live Load Deflection,1440,4320,1523404.8,3580001.28,0.17,0.00330818385893,352.64,,,83.3,435.9,128.905257757543,65.650908680473,194.556166438016,546.592,0,0,-85.799,37.1191988075052,497.912198807505,,4.8
154,"12x15, Depth: 600",Steel Beams & Timber Slab,12,15,600,66.2111111111111,400,,12x15,360,23836,PB 600x350/35x338,30mm,Openings,PB 600x350/30x241,20mm,12mm,Live Load Deflection,PB 600x250/15x95,54mm,Openings,PB 600x250/15x95,26mm,11.7mm,Openings,1440,4320,1172750.4,2755963.44,0.17,0.003038961977405,271.47,,,83.3,354.8,118.414874661593,60.3082004415991,178.723075103192,420.7785,0,0,-85.799,34.0984173244266,369.077917324427,,4.1
155,"12x15, Depth: 625",Steel Beams & Timber Slab,12,15,625,64.80175,420,Accepted 1.07 as a pass for Web openings (many other elements designed to .99 so practically no difference). Assumed new relaxed degree of shear connection rules would pass failing edge primaries. ,12x15,360,23328.63,PB 625x325/35x296,34mm,Web Openings,PB 625x300/30x191,0mm,12.6mm,Live Load Deflection,PB 625x225/15x105,56mm,Web Post Bending,PB 625x140/20x84,46mm,12.9mm,Live Load Deflection,1440,4320,1063800,2499930,0.17,0.002955307336043,246.25,,,83.3,329.6,115.155224180484,58.6480740837739,173.803298264258,381.6875,0,0,-85.799,33.1597774554552,329.048277455455,,3.8
156,"12x15, Depth: 650",Steel Beams & Timber Slab,12,15,650,59.85625,435,,12x15,360,21548.25,PB 650x300/35x290,34mm,Web Openings,PB 650x250/30x170,0mm,12.9mm,Live Load Deflection,PB 650x225/15x96,48mm,Web Post Bending,PB 650x150/15x84,30mm,12.7mm,Live Load Deflection,1440,4320,853329.6,2005324.56,0.17,0.00279330945912,197.53,,,83.3,280.8,108.842885153574,55.4332262162394,164.276111369814,306.1715,0,0,-85.799,31.3420938996693,251.714593899669,,3.3
157,"15x9, Depth: 650",Steel Beams & Timber Slab,15,9,650,71.9423703703704,435,,15x9,270,19424.44,PB 650x300/35x302,-,Nat Frequency,PB 650x300/35x308,-,12.5mm,Imposed Deflection,PB 650x100/8x52,-,Plate Size,PB 650x100/8x52,-,3.0mm,Plate Size,1080,3240,559418.4,1314633.24,0.17,0.002710982669209,172.66,,,83.3,256,105.634975156292,53.7994510704432,159.434426226736,267.623,0,0,-85.799,30.4183530762372,212.242353076237,,2.4
158,"15x10.5, Depth: 650",Steel Beams & Timber Slab,15,10.5,650,78.1392063492064,435,,15x10.5,315,24613.85,PB 650x350/45x363,40mm,Natural Frequency,PB 650x325/45x375,18mm,13.1,Live Load Deflection,PB 650x130/8x64,20mm,Web Openings,PB 650x100/8x52,-,5.4mm,Plate Size,1260,3780,827026.2,1943511.57,0.17,0.002864017548843,218.79,,,83.3,302.1,111.598065917369,56.8364282567822,168.434494174151,339.1245,0,0,-85.799,32.1354680746333,285.460968074633,,2.8
159,"15x12, Depth: 650",Steel Beams & Timber Slab,15,12,650,79.2241666666667,435,,15x12,360,28520.7,PB 650x350/45x395,40mm,Natural Frequency,PB 650x375/45x426,20mm,13.1mm,Live Load Deflection,PB 625x180/10x69,30mm,Web Post Bending,PB 625x130/8x62,18mm,8.1mm,Plate Size,1440,4320,1129420.8,2654138.88,0.17,0.003005433728288,261.44,,,83.3,344.7,117.108427444958,59.6428323378676,176.751259782825,405.232,0,0,-85.799,33.7222164245611,353.155216424561,,3.3
160,"15x13.5, Depth: 650",Steel Beams & Timber Slab,15,13.5,650,80.2345679012346,435,,15x13.5,405,32495,PB 650x475/50x546,38mm,Total Deflection,PB 650x525/55x686,0mm,14.3mm,Live Load Deflection,PB 650x190/12x84,40mm,Web Post Bending,PB 650x160/8x65,26mm,11.1mm,Web Post Bending,1620,4860,1715725.8,4031955.63,0.17,0.003309511710381,353.03,,,83.3,436.3,128.95699824137,65.677259892502,194.634258133872,547.1965,0,0,-85.799,37.1340978530445,498.531597853044,,4.4
161,"15x15, Depth: 450",Steel Beams & Timber Slab,15,15,450,196.117777777778,300,,15x15,450,88253,2No. PB 450x1000/60x1077,28mm each,Openings,PB 450x1000/60x1046,28mm,15.9mm,Live Load Deflection,PB 450x250/25x131,72mm,Openings,PB 450x250/40x163,40mm,12mm,Live Load Deflection,1800,5400,#VALUE!,#VALUE!,0.17,#VALUE!,#VALUE!,,,83.3,#VALUE!,#VALUE!,#VALUE!,#VALUE!,#VALUE!,0,0,-85.799,#VALUE!,#VALUE!,,N/A
162,"15x15, Depth: 500",Steel Beams & Timber Slab,15,15,500,131.266666666667,335,,15x15,450,59070,2No. PB 500x500x60x631,28mm each,Openings,PB 500x500x60x631,28mm,15mm,Openings,PB 500x250/18x116,66mm,Openings,PB 500x250/25x129,32mm,12mm,Live Load Deflection,1800,5400,6237810,14658853.5,0.17,0.005972517793732,1155.15,,,83.3,1238.5,232.722538556673,118.524615616604,351.247154173277,1790.4825,0,0,-85.799,67.0141336819675,1771.69763368197,,8.8
163,"15x15, Depth: 550",Steel Beams & Timber Slab,15,15,550,100.035555555556,370,,15x15,450,45016,2No. PB 550x400/55x441,32mm Each,Openings,PB 550x400/55x441,30mm,15mm,Openings,PB 550x250/15x103,62mm,Openings,PB 550x250/15x103,34mm,13mm,Live Load Deflection,1800,5400,3781350,8886172.5,0.17,0.004462418732006,700.25,,,83.3,783.6,173.880673324273,88.5566997366563,262.437373060929,1085.3875,0,0,-85.799,50.0701941424797,1049.65869414248,,7
164,"15x15, Depth: 600",Steel Beams & Timber Slab,15,15,600,91.8444444444445,400,,15x15,450,41330,2No. PB 600x400/45x402,36mm Each,Nat. Frequency,PB 600x400/45x402,26mm,14mm,Nat. Frequency,PB 600x250/15x95,54mm,Openings,PB 600x250/15x95,26mm,11.7mm,Openings,1800,5400,2926152,6876457.2,0.17,0.003936589557732,541.88,,,83.3,625.2,153.391441728731,78.1216197731837,231.513061501914,839.914,0,0,-85.799,44.1701721089452,798.285172108945,,5.9
165,"15x15, Depth: 625",Steel Beams & Timber Slab,15,15,625,82.3376,420,Accepted 1.07 as a pass for Web openings (many other elements designed to .99 so practically no difference). Assumed new relaxed degree of shear connection rules would pass failing edge primaries. ,15x15,450,37051.92,PB 625x200/15x89,42mm Each,Nat. Frequency,PB 625x350/45x358,28mm,14.4mm,Nat. Frequency,PB 625x200/15x89,54mm,Web Post Bending,PB 625x180/18x105,36mm,12.1mm,Nat. Frequency,1800,5400,2445444,5746793.4,0.17,0.003641142610065,452.86,,,83.3,536.2,141.879184077195,72.2584750967376,214.137659173932,701.933,0,0,-85.799,40.8551344764668,656.989134476467,,5.5
166,"15x15, Depth: 650",Steel Beams & Timber Slab,15,15,650,83.0268444444445,435,,15x15,450,37362.08,PB 650x250/35x244,52mm Each,Nat. Frequency,PB 650x375/45x445,22mm,15.8mm,Live Load Deflection,PB 650x190/15x90,46mm,Web Post Bending,PB 650x170/18x106,34mm,14.6mm,Live Load Deflection,1800,5400,2152062,5057345.7,0.17,0.003460554812839,398.53,,,83.3,481.8,134.842478276706,68.6747102607975,203.517188537503,617.7215,0,0,-85.799,38.8288642831317,570.751364283132,,4.8
